#{"t_start": 1634647794.602247, "env_id": "XarmPDPickAndPlace-v1"}
r,l,t
10.659131,50,0.940103
11.786074,50,1.378008
11.500598,50,1.792134
8.847132,50,2.208234
9.408454,50,2.654389
11.078521,50,3.06358
9.975914,50,3.555539
10.705538,50,4.040484
11.713831,50,4.638086
11.708433,50,5.342838
9.534883,50,6.086922
10.786141,50,6.885148
11.494358,50,7.785961
12.833606,50,8.617161
8.727085,50,9.516779
10.136094,50,10.506164
9.769649,50,11.462556
11.381468,50,12.442014
10.017982,50,13.568464
10.19186,50,14.582636
10.709288,50,15.628334
10.851491,50,16.653484
8.761477,50,17.69002
10.941446,50,18.57166
10.103814,50,19.366633
8.005924,50,20.18539
9.360541,50,20.914983
9.491923,50,21.687997
10.00282,50,22.472784
10.468553,50,23.263471
10.941019,50,24.056556
12.016274,50,24.964767
11.174612,50,25.927271
9.529367,50,26.945494
9.92317,50,27.909356
11.603847,50,29.024806
11.517435,50,30.113387
10.233863,50,31.164672
9.497434,50,32.299493
11.257269,50,33.364491
9.642025,50,34.411241
10.868632,50,35.49529
11.489441,50,36.548591
8.43007,50,37.610291
8.417867,50,38.727186
10.086864,50,39.822505
11.584617,50,40.941287
10.763945,50,42.026908
11.378376,50,43.193622
10.078574,50,44.349413
11.385769,50,45.492194
10.922114,50,46.595615
11.514286,50,47.646374
12.155856,50,48.693847
9.103153,50,49.689978
11.23955,50,50.805118
11.360227,50,51.922411
9.684935,50,53.113199
10.379209,50,54.222228
11.145039,50,55.189073
11.035783,50,56.17626
9.650195,50,57.190208
11.313913,50,58.3377
10.430012,50,59.415721
8.750475,50,60.475726
10.331536,50,61.611728
10.243773,50,62.708038
10.128083,50,63.751991
9.845924,50,64.912091
11.218351,50,66.106555
9.594392,50,67.251531
9.82301,50,68.33325
9.949477,50,69.346479
11.838507,50,70.471728
10.041661,50,71.640096
10.292837,50,72.741689
13.395405,50,73.853599
11.650008,50,74.959247
9.871249,50,76.114101
11.63871,50,77.271637
10.328124,50,78.434461
10.63217,50,95.380647
10.893668,50,96.541383
9.111218,50,97.708687
11.286737,50,98.787003
9.580693,50,99.828347
8.218248,50,100.986927
11.783106,50,102.054385
9.393903,50,103.127502
9.084533,50,104.226809
10.586174,50,105.525384
12.196418,50,106.707611
9.867088,50,107.829145
9.194715,50,108.765056
10.527439,50,109.742606
11.603819,50,110.69614
9.808012,50,111.744547
9.35414,50,112.839216
8.913885,50,113.972605
9.653176,50,114.937117
9.603981,50,116.000241
10.132885,50,117.023541
10.421587,50,118.020144
11.32092,50,119.043528
11.439737,50,120.104404
11.305363,50,121.091662
11.00333,50,122.070578
11.406593,50,123.151715
9.955814,50,124.23361
10.149111,50,125.292144
8.946632,50,126.461273
10.205557,50,127.602061
10.156979,50,128.80549
9.737007,50,129.864777
10.621632,50,130.942543
14.755169,50,132.068923
11.126065,50,133.308634
11.525136,50,134.505471
10.956537,50,135.638775
10.839423,50,136.708703
11.909856,50,137.798524
10.094054,50,138.941058
10.941818,50,139.91118
10.89111,50,140.951539
8.732005,50,141.861882
8.722305,50,142.709667
10.477102,50,143.641974
10.382186,50,144.562287
10.729388,50,145.548939
10.85484,50,146.506354
10.48349,50,147.402197
10.199204,50,148.389752
10.173295,50,149.325365
11.422562,50,150.282008
15.085902,50,151.299159
10.895218,50,152.314514
8.988702,50,153.433756
9.20807,50,154.55466
10.6872,50,155.684927
10.992825,50,156.981176
11.688707,50,158.034499
10.500004,50,159.108484
11.891807,50,160.099396
10.118493,50,161.007993
8.674263,50,162.054105
8.325423,50,163.17074
10.316703,50,164.249108
11.575662,50,165.376812
9.775554,50,166.49747
11.023608,50,167.673537
10.67269,50,168.814129
11.75329,50,169.872262
9.896113,50,170.995389
11.529449,50,172.076325
9.923133,50,173.161008
11.521304,50,174.277103
10.592809,50,175.366635
11.152374,50,176.400533
11.494845,50,177.475111
11.47375,50,178.556585
10.451935,50,179.604319
10.606215,50,180.671629
10.984942,50,181.839419
9.900203,50,198.696474
10.020091,50,199.724667
12.404044,50,200.662685
11.700046,50,201.624612
12.043404,50,202.50995
10.585931,50,203.442509
9.142966,50,204.318905
9.822916,50,205.149122
10.3016,50,206.016458
9.658586,50,206.848425
8.731199,50,207.688489
11.244722,50,208.573908
10.814203,50,209.478024
11.257279,50,210.307826
11.089642,50,211.159884
11.508365,50,212.06451
10.26314,50,212.895477
9.789263,50,213.788242
10.416148,50,214.636845
11.359967,50,215.48704
11.92403,50,216.396797
11.190482,50,217.380702
11.014734,50,218.563551
10.77457,50,219.765295
16.080575,50,220.860037
10.906635,50,222.029433
11.210275,50,223.261435
11.805267,50,224.452766
10.719535,50,225.507319
10.663837,50,226.479288
10.008115,50,227.513232
10.611969,50,228.446873
11.407021,50,229.458149
10.433722,50,230.410257
9.554972,50,231.320246
10.99186,50,232.26637
11.137611,50,233.283242
9.474386,50,234.300105
10.414029,50,235.408695
11.054548,50,236.609197
11.383771,50,237.751309
11.092805,50,238.761569
11.089944,50,239.796607
10.356501,50,240.903436
9.287511,50,242.048388
10.090926,50,243.212414
10.693069,50,244.401418
10.58777,50,245.486366
9.163613,50,246.62986
10.937413,50,247.854348
11.129792,50,249.013127
10.393431,50,250.141509
12.108343,50,251.214303
10.975179,50,252.369033
10.440655,50,253.484306
10.5997,50,254.613539
11.164002,50,255.735313
11.30628,50,256.842591
10.781323,50,258.057932
11.002886,50,259.225453
11.543457,50,260.400945
10.333992,50,261.459884
9.883052,50,262.612717
9.23151,50,263.698182
9.815646,50,264.780186
8.973395,50,265.909853
11.274521,50,267.093138
10.586149,50,268.272854
12.044477,50,269.44023
10.500935,50,270.528547
10.97565,50,271.665442
9.704627,50,272.824805
10.895194,50,273.975243
10.710613,50,275.161113
11.237408,50,276.292947
9.732894,50,277.496242
9.489976,50,278.546916
11.254529,50,279.681499
10.850724,50,280.836013
15.10412,50,281.895103
10.402706,50,283.044836
11.37025,50,284.105648
9.954696,50,301.661767
9.38299,50,302.73326
10.58523,50,303.94478
9.106829,50,305.109133
11.392082,50,306.197103
7.03046,50,307.329301
10.770897,50,308.522873
11.538905,50,309.603267
11.066148,50,310.613133
10.277722,50,311.605713
10.27836,50,312.616305
9.674401,50,313.650967
11.251735,50,314.668543
11.488247,50,315.686748
10.615713,50,316.781894
11.60572,50,317.809803
10.68824,50,318.896429
10.716311,50,320.045793
11.777357,50,321.182977
10.427149,50,322.213427
11.480534,50,323.156316
11.630652,50,324.161802
11.264406,50,325.204043
9.552971,50,326.238983
10.635421,50,327.237054
10.714608,50,328.321443
11.832251,50,329.288141
10.680866,50,330.174078
10.801057,50,331.133
10.668501,50,332.036743
11.055779,50,332.882111
11.008514,50,333.683949
10.467323,50,334.588028
11.581836,50,335.518921
10.599699,50,336.495735
10.548574,50,337.482299
11.309862,50,338.427082
11.220589,50,339.402848
10.558253,50,340.325129
10.817556,50,341.304259
9.548819,50,342.187402
11.437126,50,343.160531
11.343658,50,344.135958
10.704485,50,345.094769
7.987048,50,346.060462
11.503896,50,346.991381
11.557974,50,347.957264
11.382543,50,348.869107
9.717037,50,349.750593
11.192481,50,350.703427
7.714848,50,351.641618
10.995826,50,352.52764
11.514259,50,353.413693
10.662951,50,354.285294
11.42294,50,355.178409
11.120467,50,356.120103
11.277378,50,357.097254
9.737056,50,358.129813
11.954248,50,359.232754
10.461345,50,360.337146
10.946717,50,361.504903
10.09002,50,362.592988
11.144831,50,363.684652
13.063261,50,364.726923
11.349288,50,365.906517
9.102279,50,367.121516
10.339976,50,368.229466
10.359458,50,369.313991
10.98831,50,370.377102
9.249172,50,371.505399
10.528106,50,372.632725
11.100625,50,373.723196
10.243701,50,374.877507
11.267487,50,375.969571
11.793536,50,377.091827
11.248209,50,378.333671
10.731431,50,379.412639
8.979933,50,380.468786
11.702291,50,381.627222
10.636458,50,382.696088
10.351241,50,383.664507
12.421435,50,384.690997
10.882303,50,401.510442
11.090526,50,402.597802
15.817306,50,403.800722
10.789598,50,404.991894
11.148001,50,406.135742
11.161929,50,407.292441
11.348113,50,408.284858
10.14543,50,409.227799
11.988904,50,410.124161
10.850286,50,410.98115
10.958732,50,411.913725
11.238784,50,412.87341
10.996575,50,413.799927
11.517903,50,414.728518
10.724174,50,415.600581
11.434355,50,416.524581
10.645676,50,417.444254
10.787277,50,418.44575
32.248703,50,419.364337
11.62269,50,420.254035
10.76567,50,421.144043
11.382045,50,422.103749
11.273624,50,423.139455
10.500365,50,424.156782
11.701497,50,425.340657
9.919848,50,426.356586
10.440912,50,427.472667
10.664237,50,428.563618
11.073103,50,429.695195
11.866882,50,430.772588
8.705305,50,431.883691
11.3709,50,433.008276
11.332131,50,434.254778
11.355974,50,435.350174
12.031857,50,436.506227
11.005967,50,437.672563
12.06713,50,438.798528
11.117299,50,439.904261
10.610868,50,441.178715
12.086115,50,442.33428
10.48357,50,443.491176
11.01837,50,444.760143
19.303,50,445.910595
11.751416,50,447.052907
11.681326,50,448.230561
11.554415,50,449.280855
10.233186,50,450.393697
11.585636,50,451.530425
11.551636,50,452.691272
10.482789,50,453.810833
10.74186,50,455.043051
11.50709,50,456.196731
10.694666,50,457.305167
11.256499,50,458.450985
11.312667,50,459.537388
11.011403,50,460.669052
11.109644,50,461.92386
9.572112,50,463.081088
11.053235,50,464.387795
11.342297,50,465.453295
10.163492,50,466.607932
10.864674,50,467.74883
10.51621,50,468.910867
9.472022,50,470.069833
10.640522,50,471.265604
11.322126,50,472.415468
10.778097,50,473.463312
11.001106,50,474.52932
12.468279,50,475.633733
11.581123,50,476.796576
11.550506,50,477.833755
10.660306,50,479.028545
11.739957,50,480.124921
12.222908,50,481.218303
11.445582,50,482.426993
11.7503,50,483.599042
10.97116,50,484.795941
11.2931,50,485.853045
11.006271,50,487.007176
9.424183,50,488.013318
9.486197,50,489.120116
10.485463,50,490.225302
11.176514,50,507.678912
10.55714,50,508.717854
11.251751,50,509.822429
11.41754,50,511.093125
10.454575,50,512.190811
12.010803,50,513.304362
11.103419,50,514.398931
5.912885,50,515.645211
10.833877,50,516.805555
11.779164,50,517.878371
11.088995,50,518.928752
12.042978,50,519.987637
11.697544,50,521.101131
11.699684,50,522.160137
10.979223,50,523.336949
11.676557,50,524.470314
29.032052,50,525.553036
11.330139,50,526.550554
11.424099,50,527.608726
11.00156,50,528.645505
14.047428,50,529.719518
11.479593,50,530.7699
11.256445,50,531.885202
11.613666,50,533.025108
10.413218,50,534.159704
11.520092,50,535.356338
14.359529,50,536.414459
11.608603,50,537.524113
11.931237,50,538.668182
10.802146,50,539.791631
11.566472,50,540.91072
11.678663,50,542.153001
12.003757,50,543.172961
10.857993,50,544.401298
11.669237,50,545.524753
11.670622,50,546.710271
11.65459,50,547.92779
11.082592,50,549.001213
11.491752,50,550.096705
11.827934,50,551.230286
9.437025,50,552.341229
10.919632,50,553.477634
11.012348,50,554.667065
11.791229,50,555.765205
11.067231,50,556.844549
11.245638,50,557.94021
5.214627,50,559.171074
10.346354,50,560.304487
11.473629,50,561.443653
11.69821,50,562.587545
11.190493,50,563.782239
11.393696,50,564.93767
11.123315,50,566.067283
11.852634,50,567.242074
11.437511,50,568.329307
11.543894,50,569.477144
10.871084,50,570.576359
9.550406,50,571.698596
10.768449,50,572.817726
10.589761,50,573.938211
10.834847,50,575.024807
11.765289,50,576.207825
11.71074,50,577.451015
9.963425,50,578.537203
11.369748,50,579.715859
11.668236,50,580.943632
11.79489,50,582.045854
11.738742,50,583.13468
11.538131,50,584.419228
7.156297,50,585.474451
10.075,50,586.569234
11.138598,50,587.623421
11.774158,50,588.798652
11.295557,50,589.936867
11.317116,50,591.128377
11.091385,50,592.305181
10.959189,50,593.48383
11.669305,50,594.584643
11.476323,50,595.697937
9.908639,50,596.781033
11.772546,50,597.89882
11.156143,50,598.996318
11.181256,50,615.821551
14.533916,50,617.071057
11.712454,50,618.19231
10.911657,50,619.418431
10.554242,50,620.651911
11.416777,50,621.818773
12.050065,50,622.961536
11.469259,50,624.139726
10.98533,50,625.240934
11.672796,50,626.329979
11.633466,50,627.453959
10.676495,50,628.559067
14.229674,50,629.597479
14.805939,50,630.720891
10.946943,50,631.811685
10.898134,50,632.935575
11.785623,50,634.084877
12.260724,50,635.282657
12.121953,50,636.503726
9.956635,50,637.781266
11.776991,50,638.989575
10.325326,50,640.157331
8.956818,50,641.21737
12.440369,50,642.339883
10.77112,50,643.433301
11.686167,50,644.655732
10.927026,50,645.876163
9.907445,50,646.913595
11.533136,50,647.883209
10.587423,50,648.872623
11.433548,50,649.865496
10.70861,50,650.89546
10.592786,50,651.833992
11.516279,50,652.731136
11.857023,50,653.6902
11.438303,50,654.671145
11.616096,50,655.546824
10.569993,50,656.47271
19.743646,50,657.401349
11.588573,50,658.358124
10.490966,50,659.304561
11.666681,50,660.228698
11.719515,50,661.1245
11.50727,50,662.030917
10.863839,50,663.016852
11.217369,50,664.055228
11.502793,50,665.125451
11.225546,50,666.278377
10.26338,50,667.395244
11.479114,50,668.44536
11.672325,50,669.570497
9.973757,50,670.745044
11.145141,50,671.947524
10.562776,50,673.130182
25.684168,50,674.249454
11.514274,50,675.347073
10.701774,50,676.42108
11.753284,50,677.630664
10.263039,50,678.810942
11.612525,50,679.974552
10.368163,50,681.068887
11.136524,50,682.21423
12.126114,50,683.383067
11.003511,50,684.582178
11.422701,50,685.765282
11.363343,50,686.933292
11.107833,50,688.047665
10.948055,50,689.156716
10.232973,50,690.268009
11.920732,50,691.43767
11.123906,50,692.533993
11.269106,50,693.793909
11.036278,50,694.927842
11.570372,50,695.994179
11.4655,50,697.166491
11.634136,50,698.27095
10.191416,50,699.4391
10.856852,50,700.661053
10.960389,50,701.762562
11.332536,50,702.860775
11.620194,50,704.06075
11.048621,50,705.201255
10.690245,50,722.786577
11.062163,50,723.981956
10.67345,50,725.206751
11.921195,50,726.391608
12.161329,50,727.536854
11.325044,50,728.685738
18.54584,50,729.849358
10.091067,50,730.995256
10.813588,50,732.163365
11.419506,50,733.260825
11.198986,50,734.396775
11.561345,50,735.482806
10.684908,50,736.567319
10.816393,50,737.681253
11.708812,50,738.808281
16.573504,50,739.912984
11.801579,50,740.97976
11.484251,50,742.102654
10.392918,50,743.218271
11.160041,50,744.364089
10.581466,50,745.594547
9.482501,50,746.701127
11.668374,50,747.826933
11.836379,50,749.030035
10.29792,50,750.197036
11.548424,50,751.366661
11.360279,50,752.480332
11.761795,50,753.654376
11.522887,50,754.801489
24.480964,50,756.062204
11.17097,50,757.204528
11.312029,50,758.322297
10.597381,50,759.506908
11.51488,50,760.728635
9.648412,50,761.836788
11.114287,50,763.093494
12.739096,50,764.262312
11.48782,50,765.543721
11.701839,50,766.735692
11.24929,50,767.886953
10.660099,50,769.128228
11.484378,50,770.208853
11.174285,50,771.393748
11.234318,50,772.575647
10.909829,50,773.717763
11.308173,50,774.954432
11.736998,50,776.132474
10.618896,50,777.295988
11.749091,50,778.405376
11.20109,50,779.577635
10.842768,50,780.797252
10.216761,50,781.964252
10.959141,50,783.172335
11.078091,50,784.272939
11.662001,50,785.349914
11.202248,50,786.534656
11.310829,50,787.732675
11.511578,50,788.859904
11.225703,50,789.981348
11.726769,50,791.299223
11.620311,50,792.547958
11.39643,50,793.685925
11.04173,50,794.900109
11.533772,50,796.083519
9.715524,50,797.252917
11.20424,50,798.419711
11.099192,50,799.662912
11.582153,50,800.831446
11.866638,50,801.871217
11.437874,50,803.093749
11.409167,50,804.257289
11.594728,50,805.424692
11.513384,50,806.477571
11.351292,50,807.558736
10.545264,50,808.697298
12.148383,50,809.820609
11.813655,50,810.980117
11.693794,50,812.126071
11.431648,50,813.281979
12.125721,50,814.423332
11.658788,50,815.574914
11.914498,50,816.701579
11.952732,50,833.693656
11.490747,50,834.820317
14.973274,50,836.094014
14.841756,50,837.308236
7.90568,50,838.413198
11.073533,50,839.680686
11.885531,50,840.863867
11.664627,50,841.991649
11.039447,50,843.165076
11.587913,50,844.305065
11.004573,50,845.491591
10.96294,50,846.695656
11.554354,50,847.760452
11.71213,50,848.92081
11.498076,50,850.160269
11.618278,50,851.372854
10.34774,50,852.456483
11.622551,50,853.684892
11.74084,50,854.921033
11.754609,50,856.216564
11.352678,50,857.417449
11.318644,50,858.574668
11.526159,50,859.760654
11.18677,50,860.861341
12.043368,50,861.908983
11.092917,50,862.870762
10.212638,50,863.85235
11.317074,50,864.835673
10.894411,50,865.821952
11.142205,50,866.847774
10.853531,50,867.868787
9.872226,50,868.873604
11.516224,50,869.900593
14.187017,50,870.883262
11.625974,50,871.850797
11.281153,50,872.816657
11.168615,50,873.812742
11.486224,50,874.800678
11.046193,50,875.742914
11.370974,50,876.615431
18.068841,50,877.637813
11.417796,50,878.648995
11.374823,50,879.601143
11.521728,50,880.673509
11.825525,50,881.655738
11.806844,50,882.66509
13.544508,50,883.807359
11.598682,50,884.854488
11.577119,50,885.946022
11.730021,50,886.997908
11.323057,50,888.164354
13.021645,50,889.253597
9.784879,50,890.389379
11.131008,50,891.641002
11.654618,50,892.776204
11.628584,50,893.875459
11.138573,50,894.975783
11.32515,50,896.032894
11.163502,50,897.191664
11.193574,50,898.270442
11.890431,50,899.404789
11.486307,50,900.557024
11.393997,50,901.772473
11.624199,50,902.934502
11.556741,50,904.081912
11.129139,50,905.287258
12.634289,50,906.464431
11.211346,50,907.578644
11.305359,50,908.800287
11.570395,50,909.935709
11.962591,50,911.141375
11.589173,50,912.347651
11.252856,50,913.662888
11.234235,50,915.027227
10.946618,50,916.16548
11.783549,50,917.540292
14.170784,50,918.703359
11.727566,50,919.770785
11.222345,50,920.851299
9.848452,50,921.813508
11.506714,50,922.762195
11.510021,50,923.711907
11.450282,50,940.472486
11.758462,50,941.581571
17.587561,50,942.621734
11.087165,50,943.68613
12.027277,50,944.788202
11.535864,50,945.945572
11.366079,50,947.106694
10.820195,50,948.231402
11.294203,50,949.405233
11.519162,50,950.526923
11.054824,50,951.723422
11.351841,50,952.878493
11.09984,50,954.120177
11.046541,50,955.250989
11.810264,50,956.400976
11.487173,50,957.588953
46.458196,50,958.744511
11.568983,50,959.920655
11.557861,50,961.129392
10.528627,50,962.306307
12.543019,50,963.466516
11.76846,50,964.576539
6.953444,50,965.677199
11.5836,50,966.807052
11.780987,50,967.957277
11.622657,50,969.270099
11.21394,50,970.36988
11.23939,50,971.538527
11.7287,50,972.657253
11.098765,50,973.740437
11.778096,50,974.983765
11.407804,50,976.073573
11.355605,50,977.242399
11.129951,50,978.481848
10.700303,50,979.811612
11.834604,50,980.965449
14.068974,50,982.161379
11.577885,50,983.236034
11.455386,50,984.357754
11.353243,50,985.500208
11.740895,50,986.604178
11.769382,50,987.734956
11.341743,50,988.803196
11.402634,50,990.005405
11.816918,50,991.171688
11.209506,50,992.353711
11.319747,50,993.497553
10.328579,50,994.668737
11.848241,50,995.793411
11.395394,50,996.926287
11.412099,50,998.125327
11.799103,50,999.247763
11.522799,50,1000.408881
11.380957,50,1001.598545
11.742,50,1002.873
11.578992,50,1003.998843
11.318078,50,1005.23256
11.226445,50,1006.450719
11.574016,50,1007.508986
11.877359,50,1008.614088
12.42566,50,1009.809439
11.981641,50,1010.976853
11.989622,50,1012.161381
10.833718,50,1013.26827
11.657662,50,1014.453659
11.743209,50,1015.585565
11.263601,50,1016.668815
11.953118,50,1017.826671
11.282702,50,1019.032109
10.9802,50,1020.134479
11.58127,50,1021.26939
11.737239,50,1022.429387
11.528361,50,1023.607345
9.934142,50,1024.74648
20.909986,50,1025.925306
40.756964,50,1027.139096
11.786191,50,1028.284859
29.46535,50,1029.509693
8.448179,50,1030.703526
11.183639,50,1031.896897
7.941881,50,1033.036153
11.545534,50,1034.145603
11.263463,50,1051.260143
11.149645,50,1052.403512
10.970748,50,1053.576183
10.228465,50,1054.770107
11.79317,50,1055.738539
11.027987,50,1056.671371
10.276473,50,1057.632902
10.631502,50,1058.612954
11.609426,50,1059.631148
12.007387,50,1060.549224
11.582443,50,1061.560863
11.077644,50,1062.585686
11.73733,50,1063.548453
11.013042,50,1064.558789
11.450642,50,1065.586928
10.972833,50,1066.583635
11.515669,50,1067.652664
15.376815,50,1068.599567
11.750694,50,1069.633576
11.161409,50,1070.756471
11.476257,50,1071.756379
19.11186,50,1072.761526
10.950024,50,1073.820901
9.509155,50,1074.937069
11.501076,50,1076.107031
11.334446,50,1077.427466
28.381052,50,1078.671218
11.617662,50,1079.829972
11.727761,50,1081.043496
11.187968,50,1082.262487
11.524522,50,1083.508288
35.477547,50,1084.704988
12.313346,50,1085.779322
11.684731,50,1086.995928
11.645957,50,1088.193447
11.018998,50,1089.376728
12.430879,50,1090.672711
11.676047,50,1091.879223
11.028676,50,1093.17131
33.488646,50,1094.346004
11.528555,50,1095.538638
11.505417,50,1096.799575
13.191814,50,1097.930919
8.991139,50,1099.170112
11.453989,50,1100.333706
11.375861,50,1101.449357
13.12148,50,1102.527861
33.844245,50,1103.734986
15.648217,50,1104.917058
10.632308,50,1106.022136
10.940402,50,1107.255374
8.535227,50,1108.373955
11.926979,50,1109.460102
20.458443,50,1110.760101
11.899325,50,1111.972267
10.893516,50,1113.131877
11.362679,50,1114.296873
14.041752,50,1115.506682
11.740828,50,1116.715935
11.480207,50,1117.930158
11.69594,50,1119.093387
11.839354,50,1120.262445
11.752985,50,1121.557163
11.704838,50,1122.785733
10.297745,50,1123.960085
11.957971,50,1125.145362
10.873278,50,1126.369171
11.863951,50,1127.581139
11.770328,50,1128.793437
11.777991,50,1129.984789
11.969769,50,1131.181849
11.612432,50,1132.302219
32.968756,50,1133.709389
11.631287,50,1134.999458
11.66588,50,1136.103908
11.441593,50,1137.212754
11.332066,50,1138.292664
10.053499,50,1139.46744
28.545457,50,1140.637627
11.829792,50,1141.762386
14.43082,50,1142.837409
11.416243,50,1143.919556
11.76383,50,1161.41256
11.371577,50,1162.622323
10.742429,50,1163.792862
11.471438,50,1164.95273
10.07706,50,1166.134418
11.684847,50,1167.340446
20.107398,50,1168.50568
11.952058,50,1169.701089
13.024594,50,1170.902795
18.328725,50,1172.115534
11.061775,50,1173.291894
10.223356,50,1174.525176
11.322417,50,1175.643093
10.646904,50,1176.766665
13.015442,50,1177.926642
13.656099,50,1179.064754
11.082948,50,1180.25833
10.345246,50,1181.492678
20.883692,50,1182.660982
11.489817,50,1183.797381
11.665047,50,1184.972853
17.502676,50,1186.260548
11.913961,50,1187.415986
12.75044,50,1188.634021
11.749631,50,1189.773039
10.995913,50,1190.93496
23.683021,50,1192.089095
11.309524,50,1193.340423
12.295845,50,1194.54527
29.778103,50,1195.858654
10.621942,50,1197.076223
11.775888,50,1198.204483
33.904234,50,1199.367808
11.931967,50,1200.541764
11.523247,50,1201.850844
12.00015,50,1203.055007
11.567146,50,1204.245796
11.551691,50,1205.54476
9.560302,50,1206.806166
13.2852,50,1208.029361
11.163545,50,1209.226912
13.03386,50,1210.53164
11.544367,50,1211.757374
12.512838,50,1212.960475
11.475187,50,1214.246788
10.144337,50,1215.439717
11.319312,50,1216.608009
11.517252,50,1217.717919
10.632921,50,1218.91991
10.283737,50,1220.092578
13.355387,50,1221.291017
37.967324,50,1222.458259
11.753951,50,1223.656414
11.136413,50,1224.931028
41.125288,50,1226.032007
11.047739,50,1227.255996
11.258821,50,1228.416936
10.575772,50,1229.525219
11.216598,50,1230.65659
10.874239,50,1231.712942
11.462626,50,1232.800222
10.536501,50,1233.874493
10.177016,50,1235.185394
16.324436,50,1236.444663
15.459232,50,1237.632722
21.638232,50,1238.824801
13.29826,50,1240.039806
10.28478,50,1241.282688
10.569123,50,1242.404804
11.731196,50,1243.653424
11.177586,50,1244.889307
12.683887,50,1246.030867
11.771421,50,1247.149234
12.240695,50,1248.339815
11.245273,50,1249.536809
11.805522,50,1250.777089
8.976341,50,1252.179444
24.459145,50,1253.330985
11.728971,50,1254.519786
11.570931,50,1255.699378
11.681495,50,1256.825249
11.667656,50,1258.015404
11.533168,50,1275.497775
35.33913,50,1276.72353
11.847261,50,1277.993563
14.70436,50,1279.294596
11.654236,50,1280.535286
36.749819,50,1281.810899
39.010589,50,1283.022854
8.992592,50,1284.273079
10.26556,50,1285.602201
19.722592,50,1286.777327
18.298885,50,1287.983472
11.546456,50,1289.194445
22.478345,50,1290.39511
32.474122,50,1291.590876
11.722606,50,1292.89828
11.664456,50,1294.092742
10.338036,50,1295.272498
11.508581,50,1296.476474
11.097221,50,1297.673518
15.561964,50,1298.914778
11.271819,50,1300.14029
41.908157,50,1301.319145
5.744861,50,1302.573492
10.194324,50,1303.815348
11.626955,50,1304.93769
22.55783,50,1306.107946
9.686089,50,1307.362143
12.097334,50,1308.690688
16.585639,50,1309.822732
12.043831,50,1310.99308
10.597749,50,1312.187152
10.443341,50,1313.445912
11.742354,50,1314.647959
11.461879,50,1315.786378
11.180041,50,1316.986066
11.782082,50,1318.237311
11.323885,50,1319.353717
11.290624,50,1320.537103
11.158017,50,1321.612412
10.51103,50,1322.863573
11.561478,50,1324.034536
10.433805,50,1325.283451
21.248951,50,1326.407176
36.434979,50,1327.538443
11.618983,50,1328.850255
11.433647,50,1330.021486
11.323638,50,1331.274807
27.872259,50,1332.370964
11.828635,50,1333.396429
11.283533,50,1334.535032
10.983414,50,1335.64819
7.926447,50,1336.781517
12.299881,50,1337.930268
10.620266,50,1339.197019
11.686565,50,1340.368477
12.389223,50,1341.59005
11.598425,50,1342.794108
14.964618,50,1343.964477
12.264962,50,1345.214128
10.275992,50,1346.334593
33.717579,50,1347.467439
11.533069,50,1348.552022
12.41738,50,1349.908908
22.850587,50,1351.384513
10.621185,50,1352.66822
11.141584,50,1354.016853
11.329878,50,1355.106719
20.047095,50,1356.052936
11.660464,50,1357.018323
36.232093,50,1358.130146
11.33464,50,1359.235791
36.41197,50,1360.408356
10.612417,50,1361.445353
11.25629,50,1362.504261
11.3119,50,1363.873507
11.735154,50,1364.940665
12.402651,50,1365.997163
11.476063,50,1367.072779
11.139403,50,1368.19293
10.562401,50,1369.295042
21.641083,50,1370.407672
10.877321,50,1387.857601
27.621884,50,1388.901852
11.815547,50,1389.986013
40.031461,50,1391.222424
12.002424,50,1392.38475
24.673657,50,1393.621034
6.923476,50,1394.825269
8.236583,50,1396.00019
11.634349,50,1397.306788
34.212674,50,1398.499199
10.986635,50,1399.691172
31.687675,50,1400.973671
11.969677,50,1402.14317
10.837678,50,1403.289421
11.585731,50,1404.704621
9.410123,50,1405.860311
17.569611,50,1407.036266
13.037626,50,1408.236863
7.133663,50,1409.54749
39.828438,50,1410.752488
36.775684,50,1411.979783
25.109865,50,1413.292984
11.419403,50,1414.532744
9.925907,50,1415.70181
10.912067,50,1416.919772
11.891868,50,1418.144359
12.065332,50,1419.373584
31.046366,50,1420.57058
5.975778,50,1421.858822
11.017042,50,1423.136229
11.184274,50,1424.231027
35.514639,50,1425.489178
6.809908,50,1426.642679
12.03573,50,1427.909853
11.15432,50,1429.15801
10.867918,50,1430.33258
41.276145,50,1431.561836
12.710255,50,1432.781212
42.386533,50,1434.063843
7.218479,50,1435.456942
11.349983,50,1436.76815
35.903696,50,1438.051372
12.73887,50,1439.256572
39.402573,50,1440.402404
11.666783,50,1441.613001
9.480677,50,1442.838429
12.181705,50,1444.072765
6.909381,50,1445.367544
31.124325,50,1446.595959
11.244423,50,1447.891989
10.40669,50,1449.158811
11.327119,50,1450.343722
10.469967,50,1451.467526
11.729032,50,1452.625599
10.955805,50,1453.81292
22.06932,50,1454.937208
10.847949,50,1456.089556
11.815977,50,1457.314799
39.079473,50,1458.617393
11.807926,50,1459.875944
26.700825,50,1461.078297
11.736055,50,1462.284657
11.572544,50,1463.460539
10.75216,50,1464.613666
11.154536,50,1465.813195
11.571519,50,1466.965016
11.084752,50,1468.132814
49.760087,50,1469.305259
13.529247,50,1470.684076
13.110716,50,1471.91838
11.346089,50,1473.187224
11.279249,50,1474.430837
12.625766,50,1475.660769
11.8028,50,1476.931345
15.903393,50,1478.055768
13.473352,50,1479.19901
16.128222,50,1480.406394
11.737205,50,1481.576953
9.505047,50,1482.751875
13.123707,50,1483.9749
25.966466,50,1485.310863
13.317985,50,1486.434303
6.719683,50,1503.234502
26.697908,50,1504.377542
29.007102,50,1505.652672
11.862872,50,1506.797421
12.108135,50,1508.031478
11.181565,50,1509.168368
16.997724,50,1510.362987
34.93073,50,1511.62096
11.423364,50,1512.832405
11.375826,50,1513.924053
8.267343,50,1515.18942
28.414265,50,1516.379008
12.140597,50,1517.59341
37.988709,50,1518.805342
12.033423,50,1520.030629
11.09828,50,1521.277861
19.996006,50,1522.49475
11.794402,50,1523.69662
25.782064,50,1524.958178
11.431182,50,1526.160478
18.713524,50,1527.289684
11.398732,50,1528.465674
37.155864,50,1529.753982
6.597371,50,1531.037879
15.847266,50,1532.273814
11.633918,50,1533.450621
17.965211,50,1534.668289
22.77707,50,1535.904294
9.383545,50,1537.173206
11.330821,50,1538.425176
47.93862,50,1539.69034
11.405873,50,1541.013802
11.374792,50,1542.218328
16.248648,50,1543.458744
11.979096,50,1544.793472
27.503517,50,1546.0692
19.167605,50,1547.35463
6.887392,50,1548.61067
12.541732,50,1549.772866
11.75172,50,1551.173284
9.425837,50,1552.391736
8.863835,50,1553.689836
7.73725,50,1554.937401
9.063684,50,1556.096314
13.823067,50,1557.29535
12.368773,50,1558.556633
11.637998,50,1559.76151
14.773011,50,1561.007701
11.281803,50,1562.24935
27.571475,50,1563.440293
22.002826,50,1564.672506
11.41197,50,1566.103595
11.524993,50,1567.34873
11.426629,50,1568.63646
13.046732,50,1569.89087
10.301332,50,1571.143922
11.257639,50,1572.434216
14.612794,50,1573.67951
36.250909,50,1574.97424
11.441207,50,1576.277225
7.978928,50,1577.478669
10.261825,50,1578.765147
23.032633,50,1579.947751
46.425824,50,1581.273207
11.82831,50,1582.446617
11.107156,50,1583.631393
11.739919,50,1584.864093
11.111931,50,1586.039899
11.342061,50,1587.319456
10.008683,50,1588.52634
12.517126,50,1589.74912
23.735997,50,1591.043169
11.194626,50,1592.360818
11.502265,50,1593.569254
28.79905,50,1594.951993
20.724619,50,1596.174993
36.56339,50,1597.393472
19.954726,50,1598.570542
35.079472,50,1599.788182
15.460062,50,1601.057271
17.751079,50,1602.371789
8.909392,50,1603.532713
35.259001,50,1621.130928
11.36133,50,1622.384372
43.846298,50,1623.508313
11.850993,50,1624.711026
11.62866,50,1626.022686
15.128361,50,1627.239884
11.71641,50,1628.434243
11.103191,50,1629.781634
12.697643,50,1630.97449
6.443357,50,1632.227599
26.867794,50,1633.527246
43.245289,50,1634.782091
20.239496,50,1636.001604
38.474965,50,1637.183799
21.765866,50,1638.557997
11.437874,50,1639.743697
10.029851,50,1640.999681
17.112548,50,1642.183774
11.789956,50,1643.430385
10.977319,50,1644.705275
11.764645,50,1645.851581
12.299421,50,1647.020927
20.013295,50,1648.164922
8.00628,50,1649.534459
27.263576,50,1650.839931
8.312777,50,1652.088079
12.485188,50,1653.399245
10.199086,50,1654.633318
11.580664,50,1655.848543
38.198694,50,1657.088034
11.235404,50,1658.392028
50.339321,50,1659.606554
29.932268,50,1660.895137
11.990277,50,1662.159991
49.224051,50,1663.350094
21.192633,50,1664.702412
27.025671,50,1666.053448
9.948685,50,1667.292511
46.377465,50,1668.540952
10.792953,50,1669.780594
14.216168,50,1671.114573
11.829666,50,1672.466662
11.046625,50,1673.689541
28.342685,50,1674.964508
19.24523,50,1676.204494
12.125046,50,1677.48995
12.049457,50,1678.684359
26.261094,50,1679.962137
10.989264,50,1681.165067
38.000744,50,1682.428962
33.02572,50,1683.788518
11.710571,50,1685.007448
35.835722,50,1686.252735
17.980495,50,1687.456517
11.589791,50,1688.766214
28.917259,50,1689.996463
35.86047,50,1691.233026
11.778511,50,1692.478337
21.424738,50,1693.725896
11.097491,50,1694.990995
35.643679,50,1696.30232
12.947639,50,1697.642628
10.906089,50,1698.836161
11.840086,50,1700.105644
27.825138,50,1701.431792
25.912391,50,1702.585102
11.323466,50,1703.90117
14.709814,50,1705.149886
9.838431,50,1706.513008
9.197262,50,1707.735965
24.250469,50,1708.951862
10.981028,50,1710.165364
15.268661,50,1711.492146
9.921646,50,1712.693076
9.176782,50,1713.942311
7.939897,50,1715.263431
14.049715,50,1716.545577
17.282945,50,1717.766705
11.666121,50,1719.015385
10.109474,50,1720.220723
45.052803,50,1721.608697
35.337785,50,1722.905618
13.470333,50,1739.896889
8.978745,50,1741.245375
8.381164,50,1742.417625
12.90547,50,1743.613265
9.259152,50,1744.79004
39.190898,50,1746.046719
11.414209,50,1747.200016
46.019864,50,1748.368248
7.301489,50,1749.586347
8.187416,50,1750.860409
32.43285,50,1752.098569
10.487424,50,1753.34338
34.392649,50,1754.664382
11.859613,50,1756.044726
34.630418,50,1757.315442
11.447786,50,1758.46239
17.929312,50,1759.765426
11.248762,50,1761.190261
10.649673,50,1762.420454
40.247141,50,1763.715754
31.05981,50,1764.933669
33.152424,50,1766.20894
11.512515,50,1767.44717
7.173782,50,1768.787037
29.213448,50,1770.061783
35.879432,50,1771.436537
10.923183,50,1772.661315
42.581718,50,1773.858865
15.136657,50,1775.122235
38.430042,50,1776.439965
11.849347,50,1777.752995
12.411313,50,1779.062298
11.613462,50,1780.374297
15.578772,50,1781.635685
10.449645,50,1782.920295
32.695345,50,1784.176103
11.075693,50,1785.418711
12.738365,50,1786.710536
36.107407,50,1787.837805
34.278479,50,1789.134589
42.463801,50,1790.465146
11.332301,50,1791.668489
12.016325,50,1792.901557
11.785026,50,1794.08788
41.825431,50,1795.340937
5.953104,50,1796.581104
40.353344,50,1797.805667
10.651644,50,1799.032572
11.063618,50,1800.350119
20.183317,50,1801.654588
13.278216,50,1802.891927
44.835887,50,1804.129073
9.640688,50,1805.29287
40.779289,50,1806.476436
8.827165,50,1807.690944
12.001432,50,1808.929457
45.625495,50,1810.114568
11.511204,50,1811.405329
11.031638,50,1812.591511
11.35553,50,1813.858688
9.444667,50,1815.180937
10.935656,50,1816.480434
11.705996,50,1817.677392
11.264642,50,1819.094744
49.194947,50,1820.484944
43.936327,50,1821.759706
18.182151,50,1822.967819
9.309819,50,1824.250159
23.985291,50,1825.564321
33.151826,50,1826.846061
27.205388,50,1828.082531
22.264925,50,1829.427426
11.607499,50,1830.668698
37.659644,50,1831.916584
12.379743,50,1833.127397
11.901061,50,1834.46438
14.061607,50,1835.803704
11.171289,50,1836.986164
12.326014,50,1838.259039
8.912622,50,1839.494802
11.798904,50,1840.749523
38.919121,50,1842.012861
29.290964,50,1859.614551
11.305388,50,1860.874109
33.869983,50,1862.144241
43.07634,50,1863.462577
14.754085,50,1864.876096
44.477145,50,1866.083596
11.821417,50,1867.428926
10.530854,50,1868.783348
46.483865,50,1870.122743
11.299749,50,1871.322828
8.409633,50,1872.565597
27.415103,50,1873.885871
12.860115,50,1875.187418
11.22471,50,1876.448972
17.675327,50,1877.769975
11.437174,50,1879.043952
50.933293,50,1880.279338
46.812547,50,1881.605991
40.686276,50,1882.937967
46.50201,50,1884.251398
50.748095,50,1885.498792
25.358825,50,1886.759211
39.141788,50,1888.059785
19.273999,50,1889.331185
43.405079,50,1890.629469
11.885926,50,1891.917248
34.893085,50,1893.250229
37.75547,50,1894.505025
15.157693,50,1895.71674
33.067923,50,1896.893526
38.98763,50,1898.190286
40.068761,50,1899.450221
11.787052,50,1900.754634
39.605245,50,1901.976777
36.324248,50,1903.321872
10.166221,50,1904.586424
10.385697,50,1906.017164
40.172801,50,1907.327029
13.151708,50,1908.545128
46.526719,50,1909.788606
9.678394,50,1911.057938
40.907343,50,1912.39877
10.767193,50,1913.774671
41.429234,50,1915.04208
24.119273,50,1916.395648
48.651818,50,1917.655241
10.404085,50,1918.954863
11.215052,50,1920.303376
37.358881,50,1921.545516
11.713225,50,1922.761511
43.459983,50,1923.992835
33.478112,50,1925.250266
11.872951,50,1926.521315
11.243047,50,1927.78986
15.956269,50,1929.041633
46.111925,50,1930.236567
11.967621,50,1931.422188
7.184644,50,1932.615312
45.794203,50,1933.872564
11.531741,50,1935.076493
12.731444,50,1936.240981
45.653857,50,1937.436043
43.193325,50,1938.662755
46.617257,50,1939.90487
44.52712,50,1941.293439
43.347218,50,1942.582542
43.612372,50,1943.994941
45.889413,50,1945.164266
21.312836,50,1946.471903
11.427584,50,1947.756751
12.475122,50,1949.038402
12.306191,50,1950.537715
46.806111,50,1951.868909
13.325659,50,1953.202736
40.139525,50,1954.334191
39.968851,50,1955.641748
45.595573,50,1956.958292
14.312926,50,1958.160423
43.919517,50,1959.349753
47.127766,50,1960.645702
11.673087,50,1961.84872
11.060374,50,1963.06765
9.071776,50,1980.881759
20.252959,50,1982.250154
11.428325,50,1983.456744
11.74381,50,1984.734587
37.887859,50,1986.140193
34.524306,50,1987.378449
34.135527,50,1988.599489
44.113738,50,1989.872711
48.472942,50,1991.185064
33.698238,50,1992.47538
38.007088,50,1993.748579
11.477649,50,1995.083673
32.435296,50,1996.332455
40.769461,50,1997.672627
36.784637,50,1998.993355
43.725442,50,2000.362628
38.926823,50,2001.610591
14.01236,50,2002.863906
11.495853,50,2004.186973
42.955104,50,2005.489286
51.572223,50,2006.722896
16.021472,50,2008.121386
43.579752,50,2009.418138
39.940209,50,2010.776921
42.124707,50,2012.154066
22.064787,50,2013.390246
42.988709,50,2014.695588
12.858036,50,2015.934995
11.855362,50,2017.263623
9.649144,50,2018.566938
12.052517,50,2019.849909
41.097776,50,2021.137424
42.998142,50,2022.438401
39.272668,50,2023.680009
44.638619,50,2024.941506
47.764952,50,2026.301089
11.263683,50,2027.67625
44.193479,50,2028.983849
18.700497,50,2030.309895
40.843799,50,2031.686567
17.808161,50,2032.987099
39.983222,50,2034.315976
11.916937,50,2035.555163
32.08364,50,2036.884632
42.813531,50,2038.216443
39.49276,50,2039.506725
36.596602,50,2040.784786
11.510324,50,2042.189223
12.158176,50,2043.554438
49.899065,50,2044.790222
19.103053,50,2046.08919
13.641326,50,2047.368713
39.315791,50,2048.638179
35.28837,50,2050.197948
18.917837,50,2051.627438
12.055061,50,2052.874801
13.614734,50,2054.122365
9.069611,50,2055.294728
43.167314,50,2056.500608
40.391821,50,2057.647847
43.280164,50,2058.770748
43.94702,50,2059.902735
11.525421,50,2060.98475
37.967467,50,2062.09585
10.213971,50,2063.158648
29.732609,50,2064.167862
47.289725,50,2065.223222
45.001584,50,2066.258003
49.738732,50,2067.30053
7.803214,50,2068.317236
38.91032,50,2069.497638
6.446652,50,2070.577936
6.414746,50,2071.567415
11.640306,50,2072.565568
34.272666,50,2073.6526
46.198309,50,2074.745082
11.867117,50,2075.816115
6.327853,50,2076.96365
34.792822,50,2078.075681
42.986202,50,2079.235838
50.252786,50,2080.432975
25.975731,50,2081.764799
50.467389,50,2098.887126
27.846019,50,2100.141992
46.337297,50,2101.427895
9.701239,50,2102.734823
37.59334,50,2104.183645
39.088179,50,2105.467594
24.495722,50,2106.674797
33.444328,50,2108.001462
11.843356,50,2109.27371
37.049683,50,2110.574546
50.141041,50,2111.889352
37.719904,50,2113.207113
45.073226,50,2114.51389
38.067369,50,2115.870637
41.169994,50,2117.041925
39.818239,50,2118.410444
42.137048,50,2119.719494
51.390828,50,2121.049553
18.765797,50,2122.309072
30.939828,50,2123.613703
35.429967,50,2124.896482
44.328756,50,2126.206527
17.184813,50,2127.653552
38.933011,50,2129.079369
27.319873,50,2130.436356
43.826849,50,2131.764778
32.964294,50,2132.981133
12.159015,50,2134.284633
12.864166,50,2135.670067
49.242764,50,2136.937918
28.609165,50,2138.323773
31.149681,50,2139.601103
42.592186,50,2140.754937
43.960772,50,2141.988672
39.689621,50,2143.235183
26.342441,50,2144.470122
36.532921,50,2145.65056
49.174315,50,2146.927018
9.188102,50,2148.202823
16.666971,50,2149.461225
38.002733,50,2150.760689
8.417222,50,2151.959319
47.01997,50,2153.237552
31.676984,50,2154.531153
24.394057,50,2155.753153
11.789807,50,2156.985673
48.191805,50,2158.324041
38.143345,50,2159.614544
43.677611,50,2160.870564
11.177078,50,2162.176363
45.384503,50,2163.397681
47.877923,50,2164.676192
31.449573,50,2165.827331
41.712009,50,2167.226071
28.508845,50,2168.54105
11.753058,50,2169.902805
39.020555,50,2171.207321
21.133467,50,2172.517453
35.245781,50,2173.745713
43.682828,50,2174.989916
41.489942,50,2176.201572
15.446733,50,2177.496574
43.812295,50,2178.670088
10.336543,50,2179.900401
40.376509,50,2181.191589
44.18058,50,2182.506527
52.728743,50,2183.702644
10.889571,50,2184.958152
8.528671,50,2186.129045
39.880984,50,2187.43893
46.772382,50,2188.634665
13.926111,50,2189.885056
34.574424,50,2191.188232
47.582755,50,2192.510104
10.68471,50,2193.792147
37.814731,50,2195.202524
6.996325,50,2196.538592
44.218574,50,2197.752561
8.619652,50,2199.140481
48.106282,50,2200.418165
11.033779,50,2201.710507
33.69788,50,2202.94038
11.803761,50,2220.622396
11.45377,50,2221.836321
52.723853,50,2223.042572
38.534082,50,2224.273976
7.572441,50,2225.628586
43.779268,50,2226.931359
34.737168,50,2228.315134
45.091949,50,2229.652119
11.156864,50,2231.016627
48.28722,50,2232.305295
32.840184,50,2233.622539
10.83005,50,2234.957857
42.272605,50,2236.27391
40.463306,50,2237.550593
36.995731,50,2238.830558
38.227963,50,2240.148809
13.829441,50,2241.375137
28.603583,50,2242.699769
41.802926,50,2243.973025
43.097137,50,2245.272805
13.431812,50,2246.582483
53.108501,50,2247.936344
11.157787,50,2249.249005
10.493293,50,2250.411869
43.915968,50,2251.644666
11.364793,50,2252.932984
6.706476,50,2254.1002
35.217124,50,2255.214684
10.001708,50,2256.285522
33.144001,50,2257.37943
32.320952,50,2258.432699
30.421616,50,2259.413122
44.732205,50,2260.362655
11.6987,50,2261.672118
45.624083,50,2263.052134
33.307605,50,2264.561914
41.925305,50,2265.83931
10.842037,50,2267.008538
51.56493,50,2268.328366
27.369128,50,2269.609076
41.100851,50,2270.764735
13.009913,50,2271.998758
11.871156,50,2273.1596
33.02243,50,2274.213684
33.819255,50,2275.332773
35.740716,50,2276.377495
34.77218,50,2277.430123
43.065007,50,2278.559235
16.001015,50,2279.687887
11.138528,50,2280.747025
7.995424,50,2281.759419
40.302192,50,2282.910212
38.537749,50,2284.021918
44.920575,50,2285.116892
11.941302,50,2286.159167
21.429354,50,2287.15514
31.186888,50,2288.205236
42.691476,50,2289.316016
11.063868,50,2290.458575
44.548185,50,2291.605552
11.766708,50,2292.831529
34.73077,50,2294.21283
49.073345,50,2295.561449
13.460801,50,2296.898207
30.310841,50,2298.092457
29.545419,50,2299.306214
23.371229,50,2300.505591
4.899983,50,2301.731553
42.673642,50,2302.88945
43.996746,50,2304.180835
13.674234,50,2305.496452
31.135648,50,2306.913434
11.786641,50,2308.111606
46.466224,50,2309.301376
46.652083,50,2310.554786
53.120046,50,2311.890155
46.771873,50,2313.205185
48.022317,50,2314.438312
39.608065,50,2315.871209
30.33508,50,2317.985277
41.524511,50,2319.089053
38.31385,50,2320.272746
11.134734,50,2337.369537
45.578369,50,2338.408745
23.921828,50,2339.583783
50.072601,50,2340.884932
49.602499,50,2342.115189
46.947449,50,2343.291756
42.428344,50,2344.490162
10.368211,50,2345.814807
47.776022,50,2347.010902
40.121724,50,2348.280986
45.698198,50,2349.551202
39.936894,50,2350.784365
26.365475,50,2351.976031
7.686206,50,2353.319545
40.963077,50,2354.391599
32.905554,50,2355.910654
43.297619,50,2357.042647
33.235009,50,2358.323444
38.97942,50,2359.508768
48.495592,50,2360.673176
4.947797,50,2361.852955
47.974888,50,2363.094658
40.621531,50,2364.380617
43.566534,50,2365.665651
11.689926,50,2366.808744
43.471693,50,2368.132593
41.824281,50,2369.306327
50.709493,50,2370.654822
30.356093,50,2371.853559
31.43445,50,2373.11871
36.315384,50,2374.283486
40.857933,50,2375.559407
42.937891,50,2376.727616
11.873936,50,2377.856647
24.777962,50,2379.029269
46.501798,50,2380.251047
8.422059,50,2381.499146
11.163762,50,2382.890791
12.820349,50,2384.051276
42.501743,50,2385.369429
10.653307,50,2386.703943
17.825741,50,2387.984789
41.824035,50,2389.249959
40.692774,50,2390.446604
8.007721,50,2391.774325
10.40623,50,2393.03078
50.231901,50,2394.29704
46.750999,50,2395.645738
12.528858,50,2397.082788
40.943574,50,2398.295202
43.515608,50,2399.682476
37.339996,50,2400.97109
10.65063,50,2402.152266
36.337762,50,2403.462707
34.939544,50,2404.685321
41.539208,50,2405.982923
46.48704,50,2407.358977
40.487371,50,2408.546552
38.874311,50,2409.790274
41.057531,50,2410.944714
11.411274,50,2412.345473
40.654147,50,2413.673856
38.953672,50,2415.049302
29.869163,50,2416.260076
39.899668,50,2417.328805
51.944917,50,2418.747907
42.803772,50,2419.931137
42.048014,50,2421.324178
33.305768,50,2422.462587
39.038071,50,2423.581787
23.145882,50,2424.803813
36.114036,50,2426.09088
42.79024,50,2427.416795
37.722823,50,2428.726752
42.729018,50,2429.973689
43.237761,50,2431.318338
47.407857,50,2432.510347
43.577957,50,2433.846759
7.284341,50,2435.033041
44.594865,50,2436.263821
11.259918,50,2437.496565
51.902386,50,2438.774539
45.619013,50,2456.6588
45.492527,50,2458.034952
40.126746,50,2459.308
43.415984,50,2460.786059
42.507578,50,2461.985909
50.270576,50,2463.177171
48.034543,50,2464.36914
6.811633,50,2465.661516
13.466724,50,2466.955138
11.676081,50,2468.154968
46.77756,50,2469.346239
47.253238,50,2470.695034
50.017532,50,2471.884853
40.605888,50,2472.92688
25.290729,50,2474.231505
9.716197,50,2475.505602
37.07077,50,2476.891836
11.205428,50,2478.16652
40.756179,50,2479.411479
51.685214,50,2480.606183
34.822554,50,2481.866067
45.387518,50,2483.148987
10.700584,50,2484.451571
46.81838,50,2485.824572
50.228017,50,2487.202265
6.919926,50,2488.511685
10.627218,50,2489.770671
27.251935,50,2491.127454
41.886809,50,2492.435881
42.313614,50,2493.709285
49.187982,50,2495.045877
48.59095,50,2496.37312
9.861861,50,2497.609122
42.085165,50,2498.931734
34.049355,50,2500.155367
46.097966,50,2501.502215
37.218726,50,2502.87848
41.755017,50,2504.220562
25.051946,50,2505.625942
10.434341,50,2506.845407
39.522118,50,2508.119642
45.989054,50,2509.306495
23.431754,50,2510.46449
39.156329,50,2511.571188
50.413492,50,2512.715462
10.879275,50,2513.896324
43.551043,50,2515.180557
44.175697,50,2516.494887
40.464591,50,2517.717335
7.713181,50,2518.919796
35.062611,50,2520.192507
44.016278,50,2521.434088
46.176765,50,2522.60119
52.500171,50,2523.788698
39.74963,50,2524.972848
46.782378,50,2526.263438
44.812299,50,2527.52803
47.556643,50,2528.870353
37.922705,50,2530.121955
7.864464,50,2531.31191
43.534439,50,2532.698248
48.918662,50,2533.863776
11.799356,50,2535.045531
47.158402,50,2536.448514
44.46892,50,2537.570929
13.020296,50,2538.897423
46.359197,50,2540.169259
13.786548,50,2541.485615
42.79025,50,2542.692052
20.01809,50,2544.131288
41.830352,50,2545.279101
52.654791,50,2546.416482
10.863787,50,2547.501087
11.183618,50,2548.685113
44.416623,50,2549.836503
43.627461,50,2551.112385
43.052067,50,2552.295227
11.437656,50,2553.38272
49.745151,50,2554.487398
46.006654,50,2555.687565
48.988669,50,2556.894573
39.359435,50,2558.078913
46.123111,50,2575.731292
7.411975,50,2576.963782
41.906857,50,2578.089058
49.269954,50,2579.253919
34.641784,50,2580.625669
53.163412,50,2581.955266
48.65296,50,2583.049641
41.034967,50,2584.342767
7.956044,50,2585.622097
11.582842,50,2586.837915
51.730683,50,2588.061131
47.643221,50,2589.289851
41.163299,50,2590.38181
53.483129,50,2591.540031
5.901408,50,2592.782867
15.630146,50,2594.10831
44.888342,50,2595.363197
11.762022,50,2596.753216
47.696401,50,2598.030321
46.065717,50,2599.317992
11.105608,50,2600.688913
11.58339,50,2602.023746
34.757597,50,2603.316896
49.184344,50,2604.554275
10.792089,50,2605.922478
32.422722,50,2607.109082
7.220695,50,2608.38366
14.583943,50,2609.679911
40.78508,50,2611.006617
12.06868,50,2612.229427
38.322573,50,2613.564198
40.51523,50,2614.716643
45.093028,50,2616.034129
44.792286,50,2617.330584
53.871294,50,2618.377012
29.870876,50,2619.646726
48.382304,50,2620.762482
44.52448,50,2622.034105
7.124256,50,2623.261783
11.492986,50,2624.657158
44.024939,50,2625.815408
46.169286,50,2627.11059
8.13422,50,2628.376906
9.817564,50,2629.651335
37.090803,50,2630.87625
30.250145,50,2632.012849
46.371664,50,2633.223057
50.247017,50,2634.449872
24.775354,50,2635.598515
6.852316,50,2636.888521
28.902999,50,2638.10865
44.901391,50,2639.375037
44.395037,50,2640.786217
44.235162,50,2642.066629
42.633265,50,2643.285807
11.948103,50,2644.520774
4.933529,50,2645.971136
44.328437,50,2647.226755
11.055895,50,2648.393179
11.196141,50,2649.485077
48.020282,50,2650.605319
43.799719,50,2651.766629
47.438427,50,2652.86978
39.754038,50,2654.108183
11.687475,50,2655.29029
42.852972,50,2656.634703
46.635503,50,2657.881712
24.201834,50,2659.206771
11.960935,50,2660.453413
45.364302,50,2661.685979
35.652446,50,2662.955198
45.678655,50,2664.196766
16.498359,50,2665.448006
40.526907,50,2666.616313
14.36218,50,2667.902704
38.671796,50,2669.273308
11.053196,50,2670.448951
40.679108,50,2671.738383
43.0754,50,2673.031669
41.051863,50,2674.247168
49.587469,50,2675.600725
50.553928,50,2676.859143
44.999607,50,2694.875579
8.617995,50,2695.902799
10.971313,50,2697.125767
41.882812,50,2698.393316
11.390291,50,2699.685927
42.94569,50,2700.932672
46.637398,50,2702.197139
22.396857,50,2703.535477
42.408657,50,2704.845532
49.618196,50,2706.036822
19.757262,50,2707.20801
44.153568,50,2708.384534
36.202545,50,2709.586645
45.575641,50,2710.846981
42.115255,50,2712.05796
39.774801,50,2713.324366
40.222984,50,2714.540352
42.27524,50,2715.784108
48.266021,50,2717.139704
46.810021,50,2718.327349
41.212186,50,2719.424552
15.80252,50,2720.652107
8.724911,50,2721.817807
39.294926,50,2723.030712
12.874456,50,2724.255035
9.7033,50,2725.459415
38.779195,50,2726.578218
36.876648,50,2727.814932
49.138813,50,2729.073909
48.045462,50,2730.388396
48.224451,50,2731.699221
13.773369,50,2732.856727
11.597758,50,2734.101717
38.947004,50,2735.447793
11.838976,50,2736.697093
45.275631,50,2738.015041
16.218593,50,2739.344583
41.900801,50,2740.573793
49.192112,50,2741.778457
36.702178,50,2742.98052
11.333058,50,2744.265693
35.230789,50,2745.55387
32.765736,50,2746.704979
48.820929,50,2747.917604
34.266614,50,2749.284156
14.412883,50,2750.426506
50.651638,50,2751.555789
38.825064,50,2752.706527
48.885144,50,2753.917787
7.872048,50,2755.066539
36.503442,50,2756.296131
7.452369,50,2757.485669
12.050487,50,2758.725421
49.894283,50,2759.990221
51.592524,50,2761.250194
32.920213,50,2762.427915
40.067071,50,2763.710526
19.634936,50,2764.908346
46.844482,50,2766.061962
48.926025,50,2767.357397
6.873671,50,2768.620749
48.664651,50,2769.850568
34.975519,50,2770.966698
50.125927,50,2772.18213
10.511215,50,2773.40289
45.07824,50,2774.593213
42.563814,50,2775.842125
14.791259,50,2777.008889
42.517026,50,2778.239977
46.239615,50,2779.541198
46.845141,50,2780.773478
38.348693,50,2782.043504
53.080827,50,2783.312501
39.30423,50,2784.645843
44.221376,50,2785.819482
52.252683,50,2786.941864
43.734505,50,2788.087756
49.608258,50,2789.383728
44.85802,50,2790.789269
11.985099,50,2792.164665
40.109023,50,2793.423536
50.575075,50,2794.634011
46.071356,50,2812.222611
6.727225,50,2813.577749
46.791424,50,2814.924009
50.899784,50,2816.188831
44.37918,50,2817.501025
30.782102,50,2818.758932
16.231778,50,2820.071739
42.956206,50,2821.296888
49.524917,50,2822.485784
48.035548,50,2823.628792
43.386793,50,2824.809002
43.207779,50,2826.057883
47.746134,50,2827.352136
39.058677,50,2828.46395
24.387729,50,2829.654382
40.790931,50,2830.961752
47.308785,50,2832.147269
45.499701,50,2833.465534
46.303385,50,2834.658556
46.732568,50,2835.992086
35.597906,50,2837.177097
10.986615,50,2838.427801
41.999956,50,2839.547011
40.456287,50,2840.771966
36.312093,50,2842.038201
14.48076,50,2843.119373
9.1069,50,2844.410574
11.734475,50,2845.613965
49.725683,50,2846.842322
7.724963,50,2848.130156
44.86085,50,2849.328194
48.424945,50,2850.600352
36.422585,50,2851.781038
45.221997,50,2853.153185
49.239227,50,2854.280603
43.56291,50,2855.660058
48.950373,50,2857.084462
53.635523,50,2858.296663
49.137773,50,2859.461018
49.278682,50,2860.642218
43.755568,50,2861.925787
46.432715,50,2863.10185
48.493271,50,2864.360886
41.311838,50,2865.572106
41.347261,50,2866.793108
43.510179,50,2867.94207
45.594403,50,2869.18927
40.876426,50,2870.441859
6.0937,50,2871.784567
30.963234,50,2872.909908
6.334039,50,2874.239126
43.056876,50,2875.610318
36.782575,50,2876.86551
53.093662,50,2878.222926
42.30895,50,2879.597365
38.916963,50,2880.817127
46.465184,50,2882.075587
48.341085,50,2883.224482
44.050096,50,2884.402946
49.074624,50,2885.527354
44.00428,50,2886.712656
37.943406,50,2888.122196
44.523031,50,2889.404516
11.592921,50,2890.588737
45.804513,50,2891.866339
47.593919,50,2893.006108
48.023349,50,2894.156285
49.002912,50,2895.458738
39.865538,50,2896.75188
48.25466,50,2898.037795
43.808622,50,2899.109653
10.623987,50,2900.244451
54.468129,50,2901.510384
45.200363,50,2902.756239
41.29058,50,2904.026524
48.107511,50,2905.404814
47.93645,50,2906.64847
40.276143,50,2907.97772
50.120518,50,2909.304355
42.556643,50,2910.542251
44.082883,50,2911.808181
46.967284,50,2929.030776
46.416326,50,2930.398616
51.073319,50,2931.537907
51.267634,50,2932.847442
48.861307,50,2934.00843
50.482596,50,2935.320182
52.137707,50,2936.514324
15.146278,50,2937.673622
43.366966,50,2939.021908
36.833969,50,2940.226115
45.450631,50,2941.432709
48.029974,50,2942.627474
41.164049,50,2943.764883
43.997704,50,2944.916504
36.625126,50,2946.123031
48.89664,50,2947.280474
36.498718,50,2948.477752
47.022944,50,2949.711989
45.984967,50,2951.034421
21.814243,50,2952.30251
39.856981,50,2953.518895
44.442266,50,2954.850206
43.233755,50,2956.042517
47.682591,50,2957.167095
6.316646,50,2958.377557
46.682847,50,2959.536011
6.833548,50,2960.800739
42.819365,50,2961.979232
46.277227,50,2963.202335
46.106234,50,2964.595872
41.305814,50,2965.810172
48.912457,50,2967.184062
50.220611,50,2968.442001
42.081557,50,2969.678291
47.271503,50,2970.770589
45.541159,50,2971.944201
41.330744,50,2973.100393
32.196087,50,2974.298199
10.652345,50,2975.508245
44.488373,50,2976.675027
8.253318,50,2977.819137
10.557533,50,2979.135958
11.94818,50,2980.465128
44.012326,50,2981.654836
40.069901,50,2983.074063
51.291888,50,2984.221814
43.075043,50,2985.597556
47.53043,50,2986.890769
32.459782,50,2988.03044
48.497164,50,2989.309026
49.042238,50,2990.561661
43.948959,50,2991.73668
46.609445,50,2992.841948
43.149268,50,2994.109035
27.97006,50,2995.219404
50.380557,50,2996.399028
50.825104,50,2997.502171
32.558634,50,2998.590421
46.539253,50,2999.782547
13.213949,50,3001.075058
41.641111,50,3002.256039
41.384089,50,3003.349211
52.021774,50,3004.490326
43.272605,50,3005.66233
49.629827,50,3006.844786
39.64919,50,3008.103884
41.837355,50,3009.404964
12.27133,50,3010.712311
47.373214,50,3011.975121
12.170551,50,3013.181844
11.424579,50,3014.46737
8.859099,50,3015.680439
45.343648,50,3017.030096
51.228158,50,3018.409973
38.863655,50,3019.606781
35.891177,50,3020.711833
14.886511,50,3021.848369
43.62735,50,3023.070098
48.30741,50,3024.293972
21.031343,50,3025.42678
11.995652,50,3026.779909
48.210047,50,3028.09065
52.762968,50,3045.034844
46.731526,50,3046.249034
32.008996,50,3047.481469
7.235448,50,3048.721116
45.088348,50,3049.930226
50.464907,50,3051.14113
43.980644,50,3052.378942
46.180208,50,3053.688515
54.786699,50,3054.772887
51.059541,50,3056.095467
13.333753,50,3057.402228
46.548929,50,3058.605637
38.741867,50,3059.897801
7.825422,50,3061.117305
50.833419,50,3062.293481
51.318826,50,3063.629973
51.804635,50,3064.983087
12.142115,50,3066.114655
46.247958,50,3067.403022
47.488088,50,3068.590925
8.137601,50,3069.834547
34.986761,50,3071.134598
29.474087,50,3072.320961
39.887377,50,3073.496563
51.950373,50,3074.677815
43.157099,50,3075.926171
46.480638,50,3077.308272
43.226162,50,3078.674295
40.588541,50,3079.918093
45.528168,50,3081.14649
43.319225,50,3082.276514
45.936216,50,3083.429504
47.222087,50,3084.637723
55.19396,50,3085.837415
16.54457,50,3087.085872
48.066249,50,3088.413073
36.412265,50,3089.58527
39.116059,50,3090.928856
49.444946,50,3092.118604
7.345256,50,3093.264988
50.185415,50,3094.51957
45.946468,50,3095.686233
45.874593,50,3096.967768
8.344256,50,3098.252849
8.252629,50,3099.541124
34.244873,50,3100.758369
44.782559,50,3102.035811
7.909364,50,3103.229629
39.003585,50,3104.575075
46.785027,50,3105.691109
47.170492,50,3107.001399
44.81949,50,3108.171769
10.795658,50,3109.390541
46.322398,50,3110.562969
48.636095,50,3111.801525
36.584457,50,3113.011614
40.615123,50,3114.318547
46.850773,50,3115.67613
14.238593,50,3116.909478
50.178102,50,3118.185865
48.33292,50,3119.464308
45.737039,50,3120.756556
50.320123,50,3121.997674
11.192441,50,3123.363527
43.240492,50,3124.589327
12.200183,50,3125.946198
45.509377,50,3127.25418
6.677373,50,3128.397886
48.705976,50,3129.602864
46.708266,50,3130.816994
38.385135,50,3132.011049
49.088072,50,3133.154255
24.816035,50,3134.4496
49.142961,50,3135.680751
48.344985,50,3136.896257
42.502117,50,3138.047594
5.411268,50,3139.43872
47.099082,50,3140.639623
5.679238,50,3141.898144
45.942048,50,3143.002887
46.436262,50,3144.322149
42.595771,50,3145.526979
47.428444,50,3163.199585
42.978284,50,3164.309391
46.414274,50,3165.461958
49.317039,50,3166.645467
44.966843,50,3167.897905
47.453582,50,3169.084926
46.229337,50,3170.204865
46.054489,50,3171.508372
50.443479,50,3172.749982
52.557086,50,3173.834294
45.964886,50,3175.015387
36.784919,50,3176.211451
6.991573,50,3177.435649
43.098968,50,3178.716741
9.159666,50,3179.913028
37.774979,50,3181.25387
35.78968,50,3182.406811
43.147518,50,3183.571075
49.089164,50,3184.78275
44.907616,50,3186.099743
52.288519,50,3187.630278
47.566512,50,3188.854703
46.50081,50,3189.914127
15.911894,50,3191.012827
53.557528,50,3192.360325
45.768713,50,3193.664682
37.127131,50,3194.972189
37.889259,50,3196.247273
40.998718,50,3197.465704
38.159072,50,3198.661695
11.856077,50,3199.82163
49.75135,50,3201.068988
46.899854,50,3202.271751
45.943242,50,3203.471604
44.14952,50,3204.711454
42.832135,50,3205.954681
41.120051,50,3207.221612
35.653136,50,3208.466678
41.841693,50,3209.73179
40.951489,50,3210.891555
41.017372,50,3212.009959
41.441363,50,3213.141686
5.367722,50,3214.330928
44.983208,50,3215.462847
10.626059,50,3216.593436
30.612336,50,3217.769634
16.975145,50,3218.98877
11.383292,50,3220.302142
12.263777,50,3221.478841
28.472512,50,3222.720463
39.148108,50,3223.905142
40.636761,50,3225.001768
14.947451,50,3226.095884
10.086577,50,3227.24892
5.185511,50,3228.478062
36.262893,50,3229.79705
7.116057,50,3231.30886
11.855824,50,3232.530423
10.489473,50,3233.768712
44.977419,50,3235.062927
18.734979,50,3236.575126
8.427113,50,3237.756271
47.123978,50,3239.126843
7.584482,50,3240.236303
46.348081,50,3242.503618
48.596799,50,3243.62595
35.442817,50,3244.686586
11.311551,50,3245.929195
14.397853,50,3247.279371
52.975623,50,3248.522454
11.603195,50,3249.765292
7.320419,50,3250.83767
35.23667,50,3252.12332
42.738516,50,3253.2631
45.054134,50,3254.525342
13.717736,50,3255.796237
50.580083,50,3257.096008
4.993156,50,3258.353092
4.193875,50,3259.452949
37.352365,50,3260.604916
22.123419,50,3261.866855
47.581541,50,3263.06122
35.942672,50,3280.439218
54.462527,50,3281.523345
45.757223,50,3282.718147
27.579463,50,3283.82911
45.460913,50,3284.950463
33.507813,50,3285.977214
41.80066,50,3287.158642
40.183317,50,3288.28878
39.570504,50,3289.507792
9.339035,50,3290.608006
45.723725,50,3291.826728
39.037636,50,3293.101329
41.732468,50,3294.340283
41.040171,50,3295.558196
45.988698,50,3296.681885
10.180856,50,3297.804888
6.329953,50,3298.941116
40.516926,50,3300.223124
48.888483,50,3301.368616
45.110383,50,3302.53857
44.180313,50,3303.735413
43.476414,50,3304.833644
50.746653,50,3305.954802
50.578535,50,3307.878924
47.538605,50,3309.31705
45.662278,50,3310.5014
52.705826,50,3311.477293
46.096899,50,3312.529854
34.988893,50,3313.519882
46.877569,50,3314.610667
46.821451,50,3315.679959
43.591673,50,3316.891542
47.468329,50,3317.927636
42.528589,50,3318.976967
40.74227,50,3320.052939
40.053691,50,3321.103591
33.74892,50,3322.19337
46.032278,50,3323.263085
51.850559,50,3324.580632
45.322717,50,3325.564782
44.162839,50,3326.62149
48.258785,50,3327.629236
38.329637,50,3328.790175
44.066229,50,3329.778655
49.503876,50,3330.88232
46.744277,50,3331.917966
10.360197,50,3332.89913
45.369264,50,3334.143126
29.245959,50,3335.125934
39.910148,50,3336.304234
48.401701,50,3337.428414
33.392849,50,3338.487387
55.076501,50,3339.609161
46.025042,50,3340.670366
11.409546,50,3341.76798
44.564226,50,3343.130171
47.822801,50,3344.279275
5.184871,50,3345.328281
39.500645,50,3346.442752
50.62088,50,3347.444142
39.300992,50,3348.509914
43.599594,50,3349.5111
35.971274,50,3350.591363
46.498923,50,3351.746687
44.744521,50,3352.886524
45.68682,50,3353.97393
15.997223,50,3355.218567
36.272365,50,3356.231365
45.685875,50,3357.207182
48.083672,50,3358.321742
40.425848,50,3359.424216
52.241748,50,3360.517633
33.266508,50,3361.6425
47.161444,50,3362.815684
51.247873,50,3363.852293
50.112285,50,3364.85726
40.440187,50,3365.863466
45.940113,50,3366.885027
47.960188,50,3367.840516
51.127104,50,3368.826394
48.100742,50,3369.795931
17.565115,50,3370.792394
11.66121,50,3388.385361
49.3562,50,3389.378063
51.483418,50,3390.417762
50.939581,50,3391.443801
50.03963,50,3392.474409
50.256486,50,3393.470448
50.486821,50,3394.559732
42.819129,50,3395.722292
42.921902,50,3396.814815
5.955289,50,3397.82359
6.760755,50,3398.85861
43.993864,50,3399.925138
50.21663,50,3401.029076
44.61901,50,3402.493159
13.008079,50,3403.522891
48.183534,50,3404.548421
39.556316,50,3405.562046
51.550176,50,3406.557417
10.642616,50,3407.499949
44.09659,50,3408.525866
53.760543,50,3409.490739
53.099487,50,3410.468569
33.214453,50,3411.488822
46.6366,50,3412.497493
39.36035,50,3413.807674
5.295318,50,3414.836583
31.30106,50,3416.005136
4.237886,50,3417.106817
29.983152,50,3418.072773
47.011255,50,3419.09601
33.457255,50,3420.056826
7.352736,50,3421.120673
42.483387,50,3422.056674
11.724767,50,3423.015982
31.361071,50,3424.058548
40.751222,50,3425.494285
12.48818,50,3426.538449
32.467946,50,3427.649997
40.689301,50,3428.688717
48.331596,50,3429.811297
12.578593,50,3430.849037
43.044659,50,3431.836405
53.449736,50,3432.879824
42.440737,50,3434.082767
44.75596,50,3435.271029
36.932344,50,3436.305988
52.905004,50,3437.379743
44.345988,50,3438.391222
41.617518,50,3439.498616
39.415085,50,3440.576356
45.874933,50,3441.641473
47.293795,50,3442.741646
49.068212,50,3443.845782
49.508882,50,3444.844228
50.88335,50,3446.089661
35.231558,50,3447.082678
32.923779,50,3448.161345
37.46897,50,3449.223845
41.996297,50,3450.233552
31.399125,50,3451.243639
44.656543,50,3452.318992
53.003539,50,3453.42569
50.691708,50,3454.434546
11.496011,50,3455.493564
50.708437,50,3456.671962
7.413397,50,3457.846171
44.924261,50,3459.216862
54.059495,50,3460.193456
47.888846,50,3461.353482
38.708737,50,3462.534688
52.801285,50,3463.70656
52.629356,50,3464.879811
54.153453,50,3465.986601
7.04256,50,3467.108866
43.406256,50,3468.414752
44.584834,50,3469.493071
48.411327,50,3470.690638
48.78424,50,3471.80774
47.506537,50,3472.95985
50.272038,50,3474.189771
51.846447,50,3475.438918
43.013515,50,3476.662425
44.807224,50,3494.372211
25.434873,50,3495.951643
37.034765,50,3497.350981
42.777992,50,3498.605278
52.666535,50,3499.748387
47.063237,50,3500.901783
5.401949,50,3502.132982
18.38729,50,3503.472849
49.035484,50,3504.70363
42.451393,50,3505.872712
47.905607,50,3507.032884
20.481233,50,3508.276824
9.950206,50,3509.43404
47.091847,50,3510.624079
45.50489,50,3511.74497
43.123618,50,3512.822117
41.717754,50,3513.94639
49.514712,50,3515.158185
45.081502,50,3516.310191
32.556601,50,3517.458382
51.364568,50,3518.575674
52.833602,50,3519.756491
48.24752,50,3520.886355
53.588249,50,3521.964279
49.118204,50,3523.184101
45.203616,50,3524.364705
39.722141,50,3525.464252
54.472219,50,3526.628224
41.252281,50,3527.735757
41.587508,50,3529.001785
47.577412,50,3530.284559
5.356125,50,3531.361374
42.168737,50,3532.526598
49.909602,50,3533.608064
41.27988,50,3534.880453
50.340069,50,3535.9196
20.668459,50,3537.007838
49.386275,50,3538.239045
50.258833,50,3539.438486
35.32128,50,3540.71544
40.545994,50,3541.818279
10.553027,50,3542.947815
41.457641,50,3544.169384
53.683007,50,3545.283466
43.844201,50,3546.464495
11.326775,50,3547.760014
42.455402,50,3548.941795
