#{"t_start": 1634627120.1025846, "env_id": "XarmPDPickAndPlace-v1"}
r,l,t
10.292585,50,6.084878
9.43939,50,12.889247
11.269237,50,19.589028
10.787528,50,26.448988
9.652357,50,33.308442
10.639299,50,40.0614
11.933106,50,46.876637
10.478973,50,53.659988
11.648356,50,60.406631
11.218503,50,67.15411
10.464496,50,73.920116
10.589156,50,80.728999
10.872307,50,87.487891
11.180523,50,94.29429
11.762574,50,101.072928
11.849855,50,107.89788
12.075771,50,114.652608
11.516244,50,121.44382
11.623503,50,128.217094
11.005343,50,135.057077
11.735935,50,141.828445
11.043968,50,148.59925
10.075093,50,155.363499
10.417667,50,162.139261
11.335926,50,168.947897
10.606659,50,175.756129
12.108296,50,182.568783
10.245353,50,189.363098
10.747642,50,196.120225
10.799131,50,202.923318
10.296181,50,209.796731
11.013383,50,216.557658
11.203179,50,223.374712
11.380823,50,230.13309
10.914378,50,236.925477
10.181814,50,243.727032
11.529662,50,250.499332
10.900924,50,257.262729
11.327917,50,263.990907
10.723507,50,270.770401
11.162581,50,277.637089
12.093024,50,284.368251
11.261159,50,291.151087
10.913418,50,297.904296
11.300464,50,304.697353
11.369648,50,311.48527
11.144618,50,318.272444
11.305655,50,325.025878
12.064954,50,331.820785
11.609658,50,338.544785
11.517642,50,345.296678
12.042386,50,352.082175
12.060356,50,358.90187
11.128422,50,365.65661
11.860251,50,372.486665
11.933935,50,379.225421
11.289206,50,386.008638
11.476875,50,392.692373
10.786545,50,399.472487
11.056564,50,406.425261
11.7669,50,413.299429
11.958029,50,420.115591
11.199111,50,426.923945
12.205304,50,433.68951
11.664992,50,440.413763
11.306437,50,447.176788
10.577128,50,453.99516
9.859407,50,460.716135
11.191627,50,467.50136
11.380263,50,474.31602
10.400224,50,481.136317
12.07047,50,487.937578
11.413261,50,494.680572
11.047478,50,501.477673
11.816741,50,508.241976
10.845498,50,515.015916
10.663161,50,521.760556
11.399592,50,528.584718
11.300494,50,535.373368
11.178028,50,542.126695
10.527776,50,548.848727
11.954452,50,555.624733
10.610153,50,562.287863
11.523778,50,569.061034
11.403015,50,575.839133
11.100869,50,582.607708
10.697927,50,589.408108
11.816644,50,596.220517
11.198342,50,603.057083
11.965081,50,609.81381
12.126544,50,616.630075
11.892965,50,623.441272
10.172521,50,630.284714
11.13327,50,637.04676
11.654057,50,643.820132
10.981915,50,650.65745
10.391185,50,657.334156
10.731714,50,664.073473
11.143504,50,670.869795
11.767462,50,677.612762
11.113287,50,684.374808
11.746397,50,691.115433
11.781595,50,697.859361
11.952463,50,704.638466
11.972063,50,711.408419
11.879817,50,718.16415
10.425851,50,724.846159
11.267584,50,731.635641
11.466285,50,738.396715
11.647388,50,745.118978
11.423675,50,751.869453
11.173448,50,758.621865
11.743697,50,765.380549
11.314628,50,772.131418
11.185655,50,778.784527
11.491184,50,785.511699
11.627094,50,792.23833
12.04113,50,798.941866
11.637946,50,805.722053
11.456184,50,812.509825
10.841682,50,819.282038
11.937394,50,826.009442
11.123336,50,832.748726
11.784076,50,839.459677
11.218437,50,846.286381
11.802902,50,853.057879
11.352873,50,859.868401
11.516459,50,866.665692
11.238108,50,873.437268
11.895716,50,880.218099
11.770162,50,886.976735
11.899367,50,893.721437
10.823106,50,900.460433
11.40043,50,907.224956
11.284424,50,913.869879
11.250499,50,920.730924
11.346062,50,927.533752
10.860154,50,934.353557
11.334288,50,941.201025
11.574438,50,947.99745
10.78383,50,954.856969
11.953024,50,961.681692
11.394422,50,968.446699
11.764803,50,975.244574
11.328422,50,981.992538
10.908519,50,988.767895
11.086559,50,995.545202
11.672375,50,1002.32823
11.471021,50,1009.24123
11.623267,50,1015.994137
11.478456,50,1022.872543
11.030127,50,1029.625046
11.715442,50,1036.45279
11.879009,50,1043.186153
11.827479,50,1049.912048
11.172858,50,1056.677831
11.74808,50,1063.43681
11.304304,50,1070.179736
11.967378,50,1076.872302
12.045467,50,1083.636875
11.423647,50,1090.397012
12.017559,50,1097.109076
11.531785,50,1103.884274
11.118903,50,1110.636462
11.906316,50,1117.468817
10.773631,50,1124.241099
12.059645,50,1131.033036
10.683996,50,1137.791966
11.862306,50,1144.632694
10.930132,50,1151.351903
11.239294,50,1158.179934
12.076183,50,1164.97363
11.559884,50,1171.671206
11.314616,50,1178.408716
10.806122,50,1185.232378
10.681697,50,1192.014824
11.400027,50,1198.760308
12.210753,50,1205.518005
11.604056,50,1212.245173
11.337527,50,1218.956613
11.43703,50,1225.7446
12.061614,50,1232.428607
10.876648,50,1239.174449
11.93018,50,1245.882612
12.117217,50,1252.63954
11.255776,50,1259.399421
11.381767,50,1266.134925
11.066989,50,1272.840372
11.562113,50,1279.575261
11.946345,50,1286.29047
12.021424,50,1293.089095
11.892176,50,1299.87462
10.74605,50,1306.611882
12.214852,50,1313.376568
11.974833,50,1320.10907
11.794796,50,1326.789327
11.881435,50,1333.547205
11.882557,50,1340.248019
12.089733,50,1347.012808
11.156318,50,1353.735741
11.34974,50,1360.452523
11.051519,50,1367.155481
12.133971,50,1373.859731
11.439024,50,1380.589522
11.820204,50,1387.3947
11.691285,50,1394.163355
12.25972,50,1400.936717
11.76445,50,1407.628411
12.075487,50,1414.405682
12.19434,50,1421.275456
11.609714,50,1427.985844
11.822003,50,1434.79647
11.463654,50,1441.550438
10.8637,50,1448.34501
11.363824,50,1455.134946
10.924178,50,1461.98032
12.019315,50,1468.740878
11.779047,50,1475.448669
11.778206,50,1482.23217
11.370707,50,1488.974704
12.087347,50,1495.689565
11.326827,50,1502.444752
11.998058,50,1509.220837
11.908633,50,1515.937016
12.075613,50,1522.680909
11.84454,50,1529.388446
11.825714,50,1536.151905
11.879586,50,1542.89221
11.541913,50,1549.643856
11.379667,50,1556.396053
11.754856,50,1563.176065
12.101282,50,1569.963472
11.051799,50,1576.793326
11.647845,50,1583.556176
11.490666,50,1590.280903
11.757751,50,1596.973532
11.990527,50,1603.82356
11.946925,50,1610.629384
12.125858,50,1617.379542
11.992867,50,1624.10589
11.301434,50,1630.85531
12.164288,50,1637.594083
11.529687,50,1644.305953
12.068718,50,1651.0646
10.878189,50,1657.76363
11.984858,50,1664.474636
10.978565,50,1671.184813
11.901473,50,1677.898229
10.988753,50,1684.669534
10.199208,50,1691.406605
10.997455,50,1698.062713
10.287644,50,1704.824807
11.57257,50,1711.590714
11.859323,50,1718.325628
11.049862,50,1725.091111
10.182754,50,1731.856299
11.719454,50,1738.570035
12.194668,50,1745.33176
11.671188,50,1752.072625
11.642802,50,1758.821998
12.003134,50,1765.64866
11.569209,50,1772.399662
11.494625,50,1779.188668
11.765304,50,1785.936454
11.690082,50,1792.696283
11.78924,50,1799.492609
10.869258,50,1806.222789
11.707104,50,1812.998923
11.890905,50,1819.732575
11.89453,50,1826.417626
11.663351,50,1833.132596
10.695421,50,1839.889724
11.308438,50,1846.616588
11.099221,50,1853.372232
11.399974,50,1860.072259
11.622387,50,1866.791626
11.949215,50,1873.552483
11.698082,50,1880.284219
10.803477,50,1887.053564
11.654275,50,1893.884717
11.884983,50,1900.620555
11.919613,50,1907.361687
11.789233,50,1914.149006
11.326423,50,1920.88066
11.725988,50,1927.645032
11.941701,50,1934.334299
11.741605,50,1941.056133
10.503517,50,1947.804743
11.734533,50,1954.507605
11.563937,50,1961.250538
11.751653,50,1967.955663
11.660656,50,1974.702671
11.375496,50,1981.440715
11.181379,50,1988.195504
11.774351,50,1994.927538
11.705153,50,2001.716485
11.946365,50,2008.464837
11.059927,50,2015.22462
11.397952,50,2022.00644
11.13113,50,2028.737769
11.649726,50,2035.445472
11.342885,50,2042.221038
11.669543,50,2049.01316
10.863075,50,2055.772332
10.912419,50,2062.475319
11.494225,50,2069.21243
10.966898,50,2075.888941
11.613597,50,2082.568745
11.845054,50,2089.289779
10.935221,50,2096.0747
11.965812,50,2102.840367
10.697955,50,2109.572098
11.054049,50,2116.335535
11.885655,50,2123.166778
10.778869,50,2130.006305
11.519646,50,2136.74803
11.319497,50,2143.553806
11.326296,50,2150.309338
10.916754,50,2157.084495
11.622425,50,2163.818631
11.195255,50,2170.541016
11.862662,50,2177.309596
10.423037,50,2184.030158
11.212491,50,2190.761232
12.02158,50,2197.44098
11.572546,50,2204.202358
11.59137,50,2210.927341
11.803033,50,2217.673194
11.468236,50,2224.480942
10.695841,50,2231.218134
11.681422,50,2237.920509
11.27732,50,2244.563944
12.118035,50,2251.296937
11.920501,50,2257.988659
11.183311,50,2264.752853
11.808415,50,2271.500955
11.538258,50,2278.221898
11.726744,50,2284.941205
11.25815,50,2291.688343
12.250228,50,2298.432675
11.216764,50,2305.131189
11.604657,50,2311.955839
11.349538,50,2318.678749
11.784041,50,2325.336638
11.870019,50,2332.051377
11.572011,50,2338.752195
11.818921,50,2345.526425
11.377575,50,2352.253189
11.244579,50,2359.03526
11.366924,50,2365.758238
11.909928,50,2372.552675
11.722614,50,2379.307511
11.781729,50,2386.066185
11.5772,50,2392.828276
11.18753,50,2399.544264
11.739659,50,2406.259132
11.524901,50,2412.987297
12.104073,50,2419.751915
10.849175,50,2426.465453
11.736348,50,2433.220401
11.096451,50,2439.945315
11.11068,50,2446.679626
11.794575,50,2453.425785
11.605604,50,2460.21964
11.846962,50,2466.944112
11.715578,50,2473.651149
12.011362,50,2480.37155
11.733315,50,2487.107713
11.559851,50,2493.856201
11.860163,50,2500.580759
11.831639,50,2507.328427
11.79617,50,2514.028922
12.222878,50,2520.737216
12.005825,50,2527.447523
11.685487,50,2534.217952
11.632575,50,2540.931201
11.230634,50,2547.684663
11.862526,50,2554.483906
11.711269,50,2561.19207
11.863616,50,2567.921406
12.064531,50,2574.70755
11.38473,50,2581.509221
12.045543,50,2588.257553
11.630392,50,2594.924352
10.797823,50,2601.576884
11.669214,50,2608.320673
11.885461,50,2614.984014
11.89352,50,2621.704581
11.671788,50,2628.421059
11.424197,50,2635.176064
11.830591,50,2641.952947
10.229727,50,2648.642923
12.024114,50,2655.36632
12.067124,50,2662.116418
11.98005,50,2668.834888
12.291396,50,2675.622378
11.731017,50,2682.390604
11.850562,50,2689.143499
11.932539,50,2695.892789
12.125848,50,2702.674925
11.598938,50,2709.412433
11.804169,50,2716.172296
10.361017,50,2722.915569
12.196357,50,2729.664606
11.582055,50,2736.357696
11.916253,50,2743.132862
11.984108,50,2749.889609
11.968697,50,2756.753875
12.09207,50,2763.50056
11.84401,50,2770.222534
12.114953,50,2777.069317
12.055764,50,2783.926166
11.706893,50,2790.684979
11.594747,50,2797.536444
11.445617,50,2804.423771
10.838636,50,2811.296691
12.120838,50,2818.102916
11.32205,50,2824.815806
11.187329,50,2831.588645
11.056654,50,2838.264305
11.567441,50,2844.976133
12.016952,50,2851.709098
11.349468,50,2858.389351
10.846599,50,2865.052449
11.685689,50,2871.801007
11.665509,50,2878.639439
12.132959,50,2885.396689
11.750978,50,2892.102746
11.838599,50,2898.9047
11.627297,50,2905.683954
11.949233,50,2912.478776
11.164869,50,2919.256174
11.722307,50,2926.081135
11.572687,50,2932.80345
12.282836,50,2939.588806
12.003424,50,2946.450651
12.092448,50,2953.237052
10.659888,50,2960.022317
12.011733,50,2966.787142
9.901441,50,2973.634692
11.648223,50,2980.395342
12.217431,50,2987.123145
11.961699,50,2993.897155
11.999248,50,3000.638249
11.925845,50,3007.452753
11.896676,50,3014.176942
10.946325,50,3020.924783
12.055722,50,3027.690458
12.009666,50,3034.4129
12.169023,50,3041.097409
10.972168,50,3047.845343
10.791105,50,3054.604932
11.922051,50,3061.353013
11.898385,50,3068.024498
11.725877,50,3074.761441
9.766942,50,3081.463157
11.596918,50,3088.181678
10.594252,50,3094.870998
11.69751,50,3101.628697
11.343811,50,3108.368496
12.143221,50,3115.09256
12.136795,50,3121.835145
11.651651,50,3128.600165
11.811118,50,3135.340256
12.052503,50,3142.059403
11.488467,50,3148.788866
11.489468,50,3155.552471
12.080197,50,3162.331806
11.697403,50,3169.088521
12.28499,50,3175.816333
11.478238,50,3182.600164
12.142716,50,3189.39214
11.725379,50,3196.167468
10.618895,50,3202.977295
11.624286,50,3209.748794
11.711887,50,3216.468976
11.750195,50,3223.216924
12.017218,50,3230.01657
11.770767,50,3236.798639
11.831335,50,3243.702305
12.001993,50,3250.500424
10.516033,50,3257.296063
10.770639,50,3264.013339
11.731019,50,3270.783363
11.689212,50,3277.533936
10.834621,50,3284.33575
11.964077,50,3291.111297
11.934048,50,3297.856964
10.542179,50,3304.659818
11.667391,50,3311.344399
11.910189,50,3318.092968
11.675208,50,3324.868904
11.701183,50,3331.630619
12.144256,50,3338.465727
12.107466,50,3345.281296
11.919602,50,3352.093716
11.468221,50,3358.910156
11.533344,50,3365.701861
10.878589,50,3372.497423
11.826377,50,3379.26431
12.02523,50,3386.024538
11.93808,50,3392.725797
10.108585,50,3399.488654
11.819925,50,3406.285249
11.134218,50,3413.069861
11.475232,50,3419.8283
12.065707,50,3426.593081
11.876421,50,3433.386903
10.683269,50,3440.157169
11.262901,50,3446.921355
11.848333,50,3453.67924
11.339133,50,3460.476859
11.735702,50,3467.213099
11.603101,50,3473.942709
11.959621,50,3480.753452
11.551298,50,3487.561131
11.624167,50,3494.334921
12.096841,50,3501.004132
11.98624,50,3507.7512
12.16727,50,3514.507252
11.309508,50,3521.217036
11.590724,50,3527.883705
11.796279,50,3534.617393
11.839258,50,3541.32472
10.754429,50,3548.100068
12.081442,50,3554.840845
11.955789,50,3561.592781
11.988836,50,3568.339086
11.496727,50,3575.091101
11.877007,50,3581.887599
11.494668,50,3588.62698
11.607256,50,3595.352725
10.855118,50,3602.069515
12.140878,50,3608.832323
11.479134,50,3615.550385
10.943426,50,3622.245286
11.565623,50,3629.024905
11.816016,50,3635.755641
11.888631,50,3642.500729
11.724231,50,3649.334839
12.158135,50,3656.115941
11.761835,50,3662.879927
11.113197,50,3669.632289
11.748827,50,3676.439723
11.595161,50,3683.191567
11.599145,50,3689.994782
10.934481,50,3696.796933
11.981359,50,3703.626598
12.129052,50,3710.387824
12.144438,50,3717.121414
11.922532,50,3723.896883
11.616335,50,3730.696381
11.518523,50,3737.526779
12.065087,50,3744.229039
12.131455,50,3751.019305
11.971509,50,3757.814591
11.705692,50,3764.576157
11.994064,50,3771.310547
10.932506,50,3778.068398
11.919859,50,3784.813508
12.002298,50,3791.597597
11.260848,50,3798.368549
11.82076,50,3805.13151
11.753605,50,3811.876652
10.796642,50,3818.657311
11.275522,50,3825.363309
12.051598,50,3832.072615
11.790112,50,3838.834575
11.935176,50,3845.600455
11.181586,50,3852.396669
11.726512,50,3859.159802
11.515661,50,3865.917445
12.004686,50,3872.665348
11.957078,50,3879.367452
11.312807,50,3886.072148
12.085506,50,3892.832758
9.966897,50,3899.55868
10.930887,50,3906.288159
12.118075,50,3913.000398
11.747059,50,3919.737416
12.075368,50,3926.461658
10.935387,50,3933.196835
11.627066,50,3939.909521
9.666852,50,3946.650863
11.843223,50,3953.432767
10.763762,50,3960.176152
10.75474,50,3966.896594
11.613868,50,3973.63398
11.720447,50,3980.356695
11.830318,50,3987.064527
11.173589,50,3993.788288
11.753544,50,4000.482628
11.768561,50,4007.221948
12.204502,50,4014.019131
11.761133,50,4020.757119
12.028832,50,4027.446326
11.858544,50,4034.193108
11.301245,50,4040.898332
11.898338,50,4047.663112
11.095934,50,4054.410889
11.569398,50,4061.129516
11.162596,50,4067.860452
11.854433,50,4074.590677
11.817359,50,4081.4097
11.027306,50,4088.099375
11.627493,50,4094.875839
10.827332,50,4101.665647
11.350205,50,4108.452809
11.728036,50,4115.159189
11.111006,50,4121.9626
10.37612,50,4128.720478
11.987256,50,4135.527337
11.790293,50,4142.341688
11.26402,50,4149.080715
10.432861,50,4155.833062
10.980945,50,4162.579696
10.832654,50,4169.365951
10.527933,50,4176.080041
10.760801,50,4182.905332
11.325006,50,4189.676305
10.334497,50,4196.473982
11.052383,50,4203.236181
12.092649,50,4209.956544
11.708931,50,4216.7558
12.146906,50,4223.438574
12.078516,50,4230.183813
11.013919,50,4236.947069
11.479851,50,4243.696204
11.129175,50,4250.433506
10.690115,50,4257.208087
11.607187,50,4263.998198
12.061336,50,4270.680813
11.785578,50,4277.424563
11.645747,50,4284.155788
11.242071,50,4290.992902
11.489536,50,4297.753284
11.422901,50,4304.507919
11.831571,50,4311.325372
12.355141,50,4318.152912
10.968492,50,4325.004023
11.727552,50,4331.805628
10.583086,50,4338.617111
12.056698,50,4345.315459
11.931976,50,4352.095441
11.662098,50,4358.790078
10.686089,50,4365.579844
11.216014,50,4372.324785
11.125879,50,4379.064113
11.310829,50,4385.842473
10.687045,50,4392.605076
11.546261,50,4399.31808
11.204322,50,4406.041389
11.235891,50,4412.776723
11.252938,50,4419.480701
11.413767,50,4426.239202
10.430275,50,4432.998418
11.799421,50,4439.827695
11.939306,50,4446.592755
11.019138,50,4453.373911
11.334479,50,4460.112855
11.769539,50,4466.882131
11.261065,50,4473.568663
11.507236,50,4480.285479
11.927302,50,4487.006579
11.645521,50,4493.710876
11.677875,50,4500.409615
11.707736,50,4507.14826
11.896161,50,4513.894266
11.763255,50,4520.680194
11.312047,50,4527.397304
11.318404,50,4534.086755
11.80805,50,4540.76044
11.523893,50,4547.47227
10.918346,50,4554.273546
11.852262,50,4560.973522
11.752069,50,4567.781369
11.694453,50,4574.524666
10.81937,50,4581.272221
11.595894,50,4587.989493
11.688454,50,4594.721468
11.631632,50,4601.443902
11.773337,50,4608.171585
12.110739,50,4614.946511
10.476649,50,4621.642703
11.995638,50,4628.325874
11.831445,50,4635.051999
11.697827,50,4641.759272
11.079733,50,4648.477605
11.891537,50,4655.224954
11.860503,50,4661.960024
11.502031,50,4668.705129
11.824425,50,4675.427617
11.970328,50,4682.201358
10.955844,50,4689.025042
11.427915,50,4695.747269
11.696026,50,4702.45156
11.507429,50,4709.198643
12.135854,50,4715.946794
11.329334,50,4722.644911
12.027737,50,4729.338337
11.724183,50,4736.024792
11.904044,50,4742.693657
11.993365,50,4749.370503
11.652093,50,4756.140179
11.761234,50,4762.89261
11.378267,50,4769.631143
11.500734,50,4776.389928
11.659151,50,4783.131001
11.773398,50,4789.976595
11.42257,50,4796.729357
12.004619,50,4803.388797
11.45379,50,4810.115831
12.11873,50,4816.852627
11.699624,50,4823.556339
12.204223,50,4830.353553
12.099248,50,4837.069003
11.686179,50,4843.812038
11.726829,50,4850.562556
11.88779,50,4857.262993
11.574892,50,4863.967058
11.360355,50,4870.641411
11.579944,50,4877.330327
11.470123,50,4884.043618
12.062938,50,4890.828179
11.832142,50,4897.569721
11.680072,50,4904.309966
12.019472,50,4911.075299
11.445215,50,4917.798863
11.230722,50,4924.608716
10.740105,50,4931.344279
11.516704,50,4938.078281
11.270818,50,4944.878538
10.750622,50,4951.606273
12.128735,50,4958.350089
12.04357,50,4965.099283
11.75358,50,4971.808934
11.791027,50,4978.560594
11.354371,50,4985.263805
11.36142,50,4992.025456
12.106638,50,4998.83154
11.723177,50,5005.529218
11.94797,50,5012.232708
11.161044,50,5018.958354
11.39311,50,5025.707479
11.360542,50,5032.455734
11.556913,50,5039.174825
12.067634,50,5045.898405
11.778169,50,5052.600793
11.687924,50,5059.33111
11.678025,50,5066.129996
11.982285,50,5072.838076
11.860646,50,5079.54966
12.116104,50,5086.309671
10.944226,50,5093.027811
12.10603,50,5099.688456
12.186569,50,5106.403244
11.472398,50,5113.140556
12.096691,50,5119.896357
11.376562,50,5126.628643
11.624786,50,5133.374754
11.456104,50,5140.089334
12.075214,50,5146.848521
11.797179,50,5153.62537
11.971781,50,5160.331793
11.21265,50,5167.137178
11.602319,50,5173.86001
11.556029,50,5180.557704
11.036353,50,5187.26769
11.817048,50,5194.009395
11.344419,50,5200.746832
11.344048,50,5207.479424
11.25799,50,5214.201056
11.567893,50,5220.864077
11.341312,50,5227.640704
11.720936,50,5234.372118
11.941014,50,5241.124455
11.944672,50,5247.786311
11.780448,50,5254.529815
11.735931,50,5261.248641
11.749529,50,5268.010655
11.751667,50,5274.693015
11.143416,50,5281.392818
10.940545,50,5288.104919
12.104,50,5294.788466
11.773238,50,5301.561468
11.791998,50,5308.378742
11.735238,50,5315.053705
11.896205,50,5321.781426
11.85836,50,5328.53796
11.463496,50,5335.274693
11.914176,50,5341.93671
11.044717,50,5348.728453
11.779065,50,5355.473475
12.381929,50,5362.164524
12.069112,50,5368.930887
11.42935,50,5375.635729
11.727459,50,5382.413634
11.045495,50,5389.163414
11.489566,50,5395.896116
11.799053,50,5402.660522
11.679355,50,5409.40032
12.066245,50,5416.161476
11.927717,50,5422.881912
11.907387,50,5429.576499
12.111909,50,5436.296664
11.86104,50,5443.002265
10.854688,50,5449.740438
11.879146,50,5456.452348
11.881147,50,5463.208193
11.765941,50,5469.9208
12.002611,50,5476.664962
10.66715,50,5483.372823
11.404697,50,5490.144243
11.553524,50,5496.921249
11.956477,50,5503.610227
11.976815,50,5510.338034
10.420061,50,5517.112303
11.777579,50,5523.814449
11.308624,50,5530.632778
10.833267,50,5537.46979
12.0076,50,5544.28086
11.580408,50,5551.017158
11.347417,50,5557.760477
11.592628,50,5564.487777
11.617821,50,5571.261037
11.240972,50,5578.017262
11.420778,50,5584.789781
11.250273,50,5591.562201
11.60975,50,5598.30969
11.845842,50,5605.059418
12.06628,50,5611.791496
11.691328,50,5618.555442
11.824578,50,5625.266031
11.715179,50,5632.014002
11.793969,50,5638.731835
11.573301,50,5645.413265
11.932247,50,5652.121509
12.201431,50,5658.910087
12.211134,50,5665.70625
11.59948,50,5672.453391
12.029756,50,5679.185587
11.54229,50,5685.937653
11.504982,50,5692.709431
11.356216,50,5699.458017
11.31752,50,5706.212405
11.407337,50,5712.929246
11.715236,50,5719.677729
11.865386,50,5726.349752
11.680667,50,5733.063785
11.682544,50,5739.812314
12.313743,50,5746.538066
11.203937,50,5753.295478
11.225488,50,5760.033672
11.890526,50,5766.813679
11.266019,50,5773.528471
12.067771,50,5780.22608
11.972906,50,5786.864822
11.520246,50,5793.61873
10.49007,50,5800.284468
12.029768,50,5807.080971
11.479055,50,5813.784997
12.062525,50,5820.566834
11.461247,50,5827.296716
12.188765,50,5834.012952
11.486946,50,5840.752164
11.693893,50,5847.423613
11.443816,50,5854.187626
11.827352,50,5860.895843
11.900371,50,5867.687351
11.279067,50,5874.408791
11.258348,50,5881.104175
10.884422,50,5887.909576
11.13572,50,5894.688074
11.510977,50,5901.450492
11.49561,50,5908.187632
11.631992,50,5914.936013
12.065032,50,5921.745386
11.119617,50,5928.447999
11.30946,50,5935.221829
7.531547,50,5941.922713
11.705386,50,5948.650874
11.757265,50,5955.395045
11.597845,50,5962.165159
11.103849,50,5968.865323
10.783991,50,5975.548431
11.94601,50,5982.298604
11.686685,50,5988.991142
11.417155,50,5995.748468
11.218565,50,6002.576961
11.570787,50,6009.337837
11.696591,50,6016.173466
12.125801,50,6022.927802
11.382511,50,6029.736384
10.849848,50,6036.512238
10.447423,50,6043.290981
12.052782,50,6050.097749
11.479102,50,6056.852786
11.868953,50,6063.601809
11.651464,50,6070.300402
10.349973,50,6077.038254
11.389089,50,6083.783954
11.684672,50,6090.521016
11.171886,50,6097.236727
11.265099,50,6103.972474
10.346309,50,6110.669847
11.97043,50,6117.426985
11.215512,50,6124.158571
12.134453,50,6130.853307
11.78176,50,6137.596906
11.158815,50,6144.341852
11.966848,50,6151.084127
11.111892,50,6157.821552
11.097192,50,6164.543827
11.628035,50,6171.24478
11.285842,50,6177.996078
10.86119,50,6184.744431
11.886403,50,6191.498789
11.706604,50,6198.263127
11.294983,50,6205.040218
12.112454,50,6211.829
11.174318,50,6218.664097
11.487995,50,6225.411738
12.081093,50,6232.203539
11.720421,50,6238.93836
11.432124,50,6245.625346
11.709625,50,6252.381438
10.426205,50,6259.141232
11.476688,50,6265.962977
11.781012,50,6272.673547
11.382449,50,6279.352775
11.792832,50,6286.150423
11.809798,50,6292.846702
11.858371,50,6299.609618
11.665075,50,6306.424305
11.814702,50,6313.18307
12.175602,50,6319.899959
11.762884,50,6326.636573
11.89268,50,6333.380693
10.856596,50,6340.132034
11.272816,50,6346.902196
12.339846,50,6353.60668
11.40305,50,6360.292139
11.56818,50,6366.960713
11.847088,50,6373.699346
11.788639,50,6380.32847
11.572509,50,6387.034869
10.504466,50,6393.686348
11.856396,50,6400.424918
11.927174,50,6407.184374
11.745162,50,6413.980475
11.449652,50,6420.69645
11.150559,50,6427.371544
11.442295,50,6434.161517
11.428981,50,6440.955531
11.551289,50,6447.708909
11.264037,50,6454.482396
11.96294,50,6461.20208
12.184314,50,6467.939853
11.571074,50,6474.712821
11.082828,50,6481.420727
11.060051,50,6488.264958
11.386174,50,6495.024692
11.434866,50,6501.714247
11.97028,50,6508.456571
11.144418,50,6515.225274
12.274444,50,6522.063039
11.144159,50,6528.772499
11.715124,50,6535.540684
10.85502,50,6542.264683
11.088063,50,6548.988817
11.487402,50,6555.690365
11.827781,50,6562.47824
11.481835,50,6569.268472
11.253444,50,6576.037935
11.241605,50,6582.744531
11.280243,50,6589.480309
10.794525,50,6596.219952
11.517659,50,6602.941682
11.917577,50,6609.644764
11.088881,50,6616.369014
11.923634,50,6623.194287
11.187991,50,6629.976544
11.988966,50,6636.700698
10.653352,50,6643.463377
11.337226,50,6650.23816
11.70046,50,6657.021882
12.187213,50,6663.741469
11.320756,50,6670.391751
11.344637,50,6677.151102
11.736727,50,6683.89162
11.592346,50,6690.644412
11.136395,50,6697.416006
11.224105,50,6704.197718
11.445674,50,6710.941192
11.802557,50,6717.713237
11.33447,50,6724.430181
11.791574,50,6731.203194
11.291992,50,6737.920647
11.207433,50,6744.655982
11.355116,50,6751.383474
11.649132,50,6758.075426
11.844466,50,6764.80661
11.477451,50,6771.569547
11.553033,50,6778.344105
11.408649,50,6785.001312
11.761539,50,6791.74603
11.198626,50,6798.482465
12.22788,50,6805.268723
10.651202,50,6812.067175
11.581039,50,6818.831758
12.10639,50,6825.601418
11.822583,50,6832.304799
11.97042,50,6838.99655
11.778572,50,6845.715196
11.781388,50,6852.496581
12.090648,50,6859.311229
11.455645,50,6866.109819
11.343522,50,6872.805557
11.58198,50,6879.552421
11.294138,50,6886.303881
11.469565,50,6892.969357
11.720418,50,6899.671381
10.790464,50,6906.440695
11.517524,50,6913.199464
11.921105,50,6919.968454
11.177259,50,6926.688295
11.789683,50,6933.397749
11.24679,50,6940.046003
10.888491,50,6946.826405
12.170756,50,6953.605628
11.558188,50,6960.327719
12.056993,50,6967.141309
11.491021,50,6973.868886
12.220295,50,6980.596792
11.633355,50,6987.295307
11.399288,50,6994.051011
11.785588,50,7000.770536
10.950012,50,7007.530294
11.679002,50,7014.244735
12.23827,50,7021.004542
11.748488,50,7027.734406
11.642613,50,7034.476572
11.187886,50,7041.192537
11.138775,50,7047.984602
11.612053,50,7054.777054
11.634397,50,7061.476238
12.103266,50,7068.280322
11.811341,50,7075.021151
11.306028,50,7081.874697
11.385875,50,7088.612679
11.920817,50,7095.442303
11.69818,50,7102.270517
11.672078,50,7109.024443
11.454512,50,7115.857134
11.633489,50,7122.582253
11.906584,50,7129.348459
11.599479,50,7136.1192
11.840429,50,7142.858054
11.316959,50,7149.620514
11.797598,50,7156.365264
11.784128,50,7163.100564
11.58949,50,7169.948311
11.690919,50,7176.716395
11.611739,50,7183.505006
11.921881,50,7190.252486
11.500795,50,7197.089286
11.359738,50,7203.903185
11.804934,50,7210.67795
11.728562,50,7217.404502
11.620678,50,7224.162802
11.992004,50,7230.912617
11.716964,50,7237.65741
11.622801,50,7244.415362
11.788377,50,7251.14731
11.707471,50,7257.87445
11.262921,50,7264.569892
11.657533,50,7271.323738
11.190374,50,7278.029666
12.022703,50,7284.719477
11.505321,50,7291.429263
11.954664,50,7298.23315
11.101239,50,7305.058516
10.587688,50,7311.777898
11.466823,50,7318.568298
11.33368,50,7325.271949
11.847881,50,7331.974192
11.48415,50,7338.762492
12.155766,50,7345.544331
11.636643,50,7352.37448
11.82314,50,7359.157984
10.808951,50,7365.941264
12.035239,50,7372.81143
11.6913,50,7379.576611
12.247315,50,7386.349047
11.987147,50,7393.040608
11.929178,50,7399.722821
11.315983,50,7406.476205
11.565273,50,7413.145861
11.604302,50,7419.863312
11.537885,50,7426.609192
11.536402,50,7433.30675
11.265566,50,7440.039871
11.722202,50,7446.751202
11.612966,50,7453.436315
11.838109,50,7460.179515
11.770916,50,7467.038987
11.022098,50,7473.767542
11.36255,50,7480.552903
11.347804,50,7487.284434
11.426126,50,7494.02855
11.225238,50,7500.772475
11.573697,50,7507.520007
11.713047,50,7514.237802
11.946368,50,7520.930178
11.996265,50,7527.66135
10.857447,50,7534.428831
11.745157,50,7541.156221
11.462306,50,7547.954875
11.487575,50,7554.676373
11.686927,50,7561.376726
11.609332,50,7568.121498
11.630475,50,7574.924862
11.275805,50,7581.660388
11.832946,50,7588.456463
11.591778,50,7595.144246
12.24644,50,7601.875553
12.120951,50,7608.601999
11.572855,50,7615.347145
11.740715,50,7622.070231
10.62688,50,7628.805418
11.639962,50,7635.554607
11.495692,50,7642.224258
11.040387,50,7649.020506
11.280462,50,7655.678697
11.795105,50,7662.406673
11.605402,50,7669.244776
10.664835,50,7675.975935
12.078798,50,7682.740257
11.69728,50,7689.524872
10.848073,50,7696.312314
12.021001,50,7703.051298
12.206446,50,7709.777017
11.967232,50,7716.463031
11.492285,50,7723.236087
10.607858,50,7729.974797
11.586558,50,7736.725034
12.012511,50,7743.434382
12.070584,50,7750.200954
11.781788,50,7756.892747
10.852385,50,7763.673624
10.191,50,7770.398514
11.711587,50,7777.159719
11.269164,50,7783.949548
11.328853,50,7790.70651
11.662793,50,7797.483433
11.658759,50,7804.242542
11.328028,50,7810.987051
12.111313,50,7817.68093
11.71503,50,7824.409125
11.689911,50,7831.20192
11.019125,50,7837.989053
11.661239,50,7844.719699
11.913326,50,7851.505255
11.627405,50,7858.28084
11.19519,50,7865.047131
10.933115,50,7871.843133
11.302508,50,7878.584509
12.048545,50,7885.37129
11.475211,50,7892.175783
11.894165,50,7898.88863
11.792392,50,7905.589122
10.462602,50,7912.34751
11.520845,50,7919.072049
12.149915,50,7925.854758
11.830206,50,7932.61154
11.307003,50,7939.344823
11.481258,50,7946.048597
12.044786,50,7952.721516
10.226303,50,7959.42742
11.939525,50,7966.12476
11.425992,50,7972.9274
11.886636,50,7979.665294
11.258786,50,7986.384335
12.082304,50,7993.088541
11.710567,50,7999.841517
11.770465,50,8006.543716
11.671628,50,8013.271173
11.918509,50,8020.091131
11.708367,50,8026.890386
12.212087,50,8033.640987
11.391375,50,8040.420385
11.472186,50,8047.199872
12.156297,50,8053.9967
11.764659,50,8060.771213
11.696479,50,8067.473908
11.927122,50,8074.226646
11.575019,50,8080.987579
11.805056,50,8087.754835
11.731146,50,8094.595881
11.793088,50,8101.406377
11.641271,50,8108.227113
11.720769,50,8114.999767
11.60588,50,8121.702509
11.974561,50,8128.467448
11.250743,50,8135.220612
11.771042,50,8142.021124
11.716016,50,8148.763244
12.110766,50,8155.546821
11.973934,50,8162.321877
11.646993,50,8169.066325
11.65144,50,8175.816286
11.967862,50,8182.536586
11.671512,50,8189.240411
11.549042,50,8196.063261
12.04085,50,8202.858877
11.840067,50,8209.657026
11.220611,50,8216.422466
11.533073,50,8223.049638
11.508578,50,8229.812727
11.733984,50,8236.539103
12.12199,50,8243.364886
12.056028,50,8250.116447
11.522576,50,8256.892263
11.96013,50,8263.652634
11.512786,50,8270.40154
11.614352,50,8277.146767
11.902685,50,8283.909741
11.735243,50,8290.635804
11.533035,50,8297.40309
11.760435,50,8304.104459
12.125126,50,8310.900796
11.369683,50,8317.669466
12.018434,50,8324.459397
11.31999,50,8331.200098
11.008157,50,8337.908566
12.031838,50,8344.631952
11.843514,50,8351.349061
11.33781,50,8358.122829
11.558195,50,8364.837088
11.547173,50,8371.573227
11.360985,50,8378.364688
11.599307,50,8385.129544
11.388269,50,8391.930037
11.476735,50,8398.727795
11.614083,50,8405.379302
12.262658,50,8412.148395
11.657322,50,8418.906891
12.227237,50,8425.713511
11.767763,50,8432.464224
12.337615,50,8439.203922
11.374072,50,8445.90168
11.49133,50,8452.643128
11.40771,50,8459.379899
12.119825,50,8466.038991
12.099803,50,8472.756266
12.169156,50,8479.502445
11.607811,50,8486.2238
11.919712,50,8492.975425
11.38373,50,8499.768075
11.9411,50,8506.479724
12.206778,50,8513.23231
11.998461,50,8519.955993
12.01595,50,8526.654083
12.141137,50,8533.396943
11.736187,50,8540.144247
11.532276,50,8546.905456
11.710576,50,8553.773808
11.473129,50,8560.57841
11.531373,50,8567.33454
11.238803,50,8574.066968
12.064495,50,8580.784671
11.771265,50,8587.584525
11.563674,50,8594.305527
11.486914,50,8601.052071
12.084269,50,8607.780786
12.082144,50,8614.462064
11.516565,50,8621.186646
11.925329,50,8627.935472
12.022157,50,8634.69006
11.368514,50,8641.421819
11.679974,50,8648.18895
12.010328,50,8654.968585
11.542441,50,8661.692235
11.675556,50,8668.388114
11.388265,50,8675.127866
11.671102,50,8681.879061
11.780538,50,8688.617994
12.14361,50,8695.408809
11.563726,50,8702.131819
12.088095,50,8708.836594
11.318072,50,8715.498649
11.538986,50,8722.248055
12.000764,50,8728.99671
11.566045,50,8735.730967
11.856249,50,8742.456583
12.167449,50,8749.152916
11.985495,50,8755.866616
11.795559,50,8762.596545
12.107709,50,8769.316897
11.835388,50,8776.149133
11.615039,50,8782.967242
11.543358,50,8789.701886
11.854799,50,8796.476211
11.274206,50,8803.225029
11.903626,50,8810.092511
11.724363,50,8816.868245
11.942115,50,8823.596585
11.561263,50,8830.344363
11.517694,50,8837.068077
11.240765,50,8843.82876
12.101491,50,8850.677268
11.584406,50,8857.453135
11.718179,50,8864.247705
12.270537,50,8870.924662
11.444468,50,8877.699405
12.116811,50,8884.532289
11.738817,50,8891.273378
11.629167,50,8898.111274
11.563043,50,8904.922739
12.107334,50,8911.674185
12.006355,50,8918.380507
11.632679,50,8925.121167
12.256209,50,8931.844832
11.735835,50,8938.631224
12.067735,50,8945.322352
11.674157,50,8952.034979
11.675346,50,8958.820797
12.069241,50,8965.566277
11.490408,50,8972.283209
10.850687,50,8979.020588
11.722916,50,8985.725216
11.924559,50,8992.46013
12.066653,50,8999.220645
11.491515,50,9005.979772
11.537794,50,9012.777212
11.9186,50,9019.559969
11.997734,50,9026.280074
11.9881,50,9032.929377
11.722863,50,9039.713574
11.393461,50,9046.437222
11.29529,50,9053.18898
11.470062,50,9059.962162
12.058061,50,9066.707145
12.031187,50,9073.463942
11.983172,50,9080.211887
11.926867,50,9087.044481
11.715409,50,9093.847708
11.502627,50,9100.636441
11.473079,50,9107.376268
11.714239,50,9114.124419
11.639009,50,9120.87583
11.449852,50,9127.58552
11.477384,50,9134.3341
11.54744,50,9141.130432
11.414181,50,9147.880695
11.524295,50,9154.56436
11.787033,50,9161.263044
11.713888,50,9168.016369
11.71692,50,9174.776115
12.047747,50,9181.494758
11.674706,50,9188.196321
11.564128,50,9194.907997
11.569063,50,9201.660418
12.150725,50,9208.455537
11.945099,50,9215.221375
12.076183,50,9221.947814
12.004748,50,9228.664361
11.867544,50,9235.440585
12.010062,50,9242.16134
12.468096,50,9248.928094
11.632378,50,9255.632635
11.740735,50,9262.348793
11.764501,50,9269.040396
11.618671,50,9275.838133
11.384874,50,9282.642015
11.831399,50,9289.416559
11.019517,50,9296.177352
12.016922,50,9302.949093
11.368315,50,9309.750011
12.206084,50,9316.464341
11.775703,50,9323.177852
11.347787,50,9329.933872
11.778947,50,9336.618025
12.134555,50,9343.328428
11.368687,50,9350.08235
12.069735,50,9356.786834
11.508802,50,9363.565296
11.42661,50,9370.348551
11.69011,50,9377.115044
11.472745,50,9383.933119
11.537747,50,9390.689061
10.991205,50,9397.4887
11.802275,50,9404.285542
11.614905,50,9411.123478
12.158676,50,9417.878487
12.141089,50,9424.646733
11.685177,50,9431.392301
12.160486,50,9438.161459
11.70099,50,9444.95643
11.334909,50,9451.717031
11.743163,50,9458.424159
12.049667,50,9465.128773
11.812945,50,9471.804683
12.118256,50,9478.596841
11.773624,50,9485.330862
11.877312,50,9492.120454
11.420862,50,9498.835941
11.897655,50,9505.628736
11.623878,50,9512.413117
12.043672,50,9519.125601
11.619311,50,9525.898959
11.409682,50,9532.587114
11.719771,50,9539.385238
12.149941,50,9546.107983
11.879683,50,9552.806651
11.839951,50,9559.556852
11.888483,50,9566.330315
11.640385,50,9573.141266
11.635849,50,9579.880372
11.714661,50,9586.719077
12.213047,50,9593.517844
11.986701,50,9600.348432
12.074989,50,9607.166356
11.527471,50,9613.91107
11.956604,50,9620.663331
12.003285,50,9627.400821
12.111324,50,9634.183573
11.907107,50,9640.920425
11.997552,50,9647.58856
11.676099,50,9654.328526
11.702401,50,9661.048204
11.396004,50,9667.783718
11.141643,50,9674.521025
12.043307,50,9681.343738
11.910311,50,9688.145731
11.870969,50,9694.949705
11.68249,50,9701.727484
11.794072,50,9708.47113
12.096176,50,9715.250525
12.254402,50,9721.973796
12.149364,50,9728.716457
11.255237,50,9735.455754
12.166708,50,9742.199142
11.90638,50,9748.928146
11.758979,50,9755.674277
11.789037,50,9762.422091
12.133893,50,9769.203518
12.031053,50,9775.98905
11.720555,50,9782.70876
12.179758,50,9789.465832
11.920157,50,9796.165519
12.110317,50,9802.981543
12.125382,50,9809.671579
11.789765,50,9816.464554
11.740121,50,9823.275113
11.810878,50,9830.013068
11.903359,50,9836.733745
11.108116,50,9843.467851
11.963029,50,9850.232903
11.824352,50,9856.96705
11.783019,50,9863.672433
11.549335,50,9870.369273
11.663852,50,9877.045048
11.445355,50,9883.753411
11.4393,50,9890.462606
12.041881,50,9897.256834
11.617087,50,9903.95066
12.06236,50,9910.693254
11.865917,50,9917.430631
11.170534,50,9924.276781
11.713318,50,9931.105019
11.844382,50,9937.828014
11.40543,50,9944.584099
12.086374,50,9951.3823
11.35308,50,9958.096799
11.599651,50,9964.852373
11.972198,50,9971.67813
11.752058,50,9978.488591
11.356594,50,9985.220604
12.019165,50,9991.90681
11.847492,50,9998.621129
11.996052,50,10005.448406
11.873633,50,10012.145137
11.805371,50,10018.944574
11.619904,50,10025.709424
11.719192,50,10032.448795
11.576847,50,10039.205608
12.159052,50,10045.935488
11.912318,50,10052.711236
10.719311,50,10059.373808
12.005777,50,10066.086108
11.606823,50,10072.768791
11.224023,50,10079.470044
11.904034,50,10086.155685
11.828939,50,10092.915092
12.20805,50,10099.691234
11.871501,50,10106.422052
11.862796,50,10113.168736
11.167277,50,10119.926372
12.00468,50,10126.736866
12.002492,50,10133.52861
11.845519,50,10140.246965
11.997923,50,10146.963743
11.814985,50,10153.724957
11.697425,50,10160.402879
12.106776,50,10167.168827
11.937011,50,10173.932585
12.0319,50,10180.773356
11.591629,50,10187.622808
12.009052,50,10194.389549
12.24508,50,10201.176383
12.122399,50,10207.9581
11.653871,50,10214.646011
11.904211,50,10221.392051
12.234627,50,10228.115052
11.800232,50,10234.87716
11.969525,50,10241.69576
11.760774,50,10248.429548
11.96244,50,10255.23703
11.849188,50,10261.983381
11.171334,50,10268.764694
11.35652,50,10275.566673
11.976513,50,10282.365214
11.892795,50,10289.116468
11.307882,50,10295.966275
11.545287,50,10302.763545
11.800084,50,10309.58224
12.267774,50,10316.37319
12.076474,50,10323.095734
12.090612,50,10329.81654
11.34475,50,10336.564454
12.245592,50,10343.336305
11.771648,50,10350.046449
11.978685,50,10356.856143
11.574574,50,10363.669888
11.798038,50,10370.421598
12.253391,50,10377.174527
12.023496,50,10383.874429
12.20466,50,10390.636231
12.270571,50,10397.416432
11.666437,50,10404.11087
11.700112,50,10410.880806
11.927815,50,10417.609025
12.165301,50,10424.327828
11.863874,50,10431.088755
12.149574,50,10437.788389
11.983835,50,10444.631136
12.204846,50,10451.415104
12.052649,50,10458.187726
11.293754,50,10464.919588
12.107276,50,10471.691409
11.780991,50,10478.501654
11.999561,50,10485.280534
12.208051,50,10492.031194
12.204952,50,10498.751929
11.915841,50,10505.519054
11.620175,50,10512.308822
11.825094,50,10519.028142
11.93067,50,10525.837411
11.084725,50,10532.542613
11.359373,50,10539.285619
11.829465,50,10546.07071
12.015468,50,10552.861348
12.066066,50,10559.607951
11.848019,50,10566.308342
12.160868,50,10573.000689
11.904597,50,10579.813945
11.721654,50,10586.53194
11.854788,50,10593.244718
11.951325,50,10599.923346
11.904853,50,10606.683909
11.272205,50,10613.418042
11.58367,50,10620.15491
11.70526,50,10626.930851
11.874119,50,10633.668826
11.969973,50,10640.469867
12.131524,50,10647.217847
11.682831,50,10653.939278
12.216059,50,10660.693431
11.825514,50,10667.449458
11.495988,50,10674.194242
11.680758,50,10681.038367
12.189466,50,10687.732343
12.000148,50,10694.447175
11.663536,50,10701.175701
11.696709,50,10707.840165
12.224467,50,10714.54759
12.375394,50,10721.220985
10.550649,50,10727.941022
11.774853,50,10734.629937
11.81397,50,10741.379763
11.59571,50,10748.018248
11.710281,50,10754.772643
12.083881,50,10761.528065
11.176507,50,10768.272036
11.918984,50,10775.02401
12.250957,50,10781.856586
11.992595,50,10788.593614
11.669967,50,10795.363807
12.027923,50,10802.102268
11.646392,50,10808.866411
11.54772,50,10815.610961
12.062134,50,10822.330428
11.694652,50,10829.091696
11.90611,50,10835.810758
11.910503,50,10842.592126
11.703528,50,10849.327759
11.884084,50,10856.078641
11.418386,50,10862.783724
11.702133,50,10869.525939
11.423708,50,10876.252294
12.129055,50,10883.061297
11.389604,50,10889.803858
11.427883,50,10896.598459
11.780603,50,10903.431363
11.953696,50,10910.136817
12.243356,50,10916.889205
12.123241,50,10923.571585
12.229328,50,10930.271124
11.620655,50,10936.96542
11.782011,50,10943.664737
12.043741,50,10950.472422
11.848075,50,10957.170149
11.792953,50,10963.882763
11.66703,50,10970.566856
11.908551,50,10977.264847
11.369432,50,10984.011609
11.974744,50,10990.690011
12.183137,50,10997.415091
12.158655,50,11004.092057
12.233465,50,11010.829159
12.139196,50,11017.660724
11.857628,50,11024.384268
12.082134,50,11031.12731
11.372741,50,11037.882115
11.189399,50,11044.600497
11.876025,50,11051.302524
11.840417,50,11057.984652
11.84268,50,11064.720738
12.174416,50,11071.497973
11.467452,50,11078.226577
11.556131,50,11085.046242
11.485321,50,11091.808998
12.154953,50,11098.60712
11.941939,50,11105.334749
11.801814,50,11112.00469
11.412182,50,11118.752998
12.214775,50,11125.422015
11.782807,50,11132.14008
11.972167,50,11138.916854
11.651431,50,11145.692858
11.775712,50,11152.49963
12.003746,50,11159.232383
11.757468,50,11165.932886
11.606319,50,11172.667259
12.160463,50,11179.457397
12.219681,50,11186.25194
11.234721,50,11192.996961
14.120995,50,11199.716821
10.731372,50,11206.494944
11.6923,50,11213.281607
11.907602,50,11220.022761
11.758544,50,11226.743881
11.713391,50,11233.422674
11.957936,50,11240.213603
11.988939,50,11246.974076
12.21286,50,11253.712811
11.815096,50,11260.432225
11.937747,50,11267.187461
11.242301,50,11273.888703
11.618424,50,11280.625018
11.874093,50,11287.353431
11.972432,50,11294.051377
11.563335,50,11300.708201
11.646193,50,11307.353671
11.722601,50,11314.073248
11.779191,50,11320.822225
12.028079,50,11327.555376
12.030502,50,11334.352533
11.448448,50,11341.14665
11.717588,50,11347.896418
12.159868,50,11354.595168
11.702087,50,11361.277574
11.790482,50,11367.948354
11.594477,50,11374.676369
11.934527,50,11381.42044
11.589681,50,11388.11972
11.928633,50,11394.895324
11.631005,50,11401.628641
11.783177,50,11408.374136
11.139597,50,11415.082782
11.592735,50,11421.795661
11.802156,50,11428.472154
12.042611,50,11435.140431
11.486024,50,11441.845608
11.857129,50,11448.538656
11.614453,50,11455.245892
11.678235,50,11461.971159
11.646553,50,11468.641846
11.837469,50,11475.365135
11.80877,50,11482.049184
12.006318,50,11488.806661
11.844404,50,11495.560866
11.225028,50,11502.339802
11.943732,50,11509.125085
11.80549,50,11515.868493
11.657624,50,11522.609618
11.981945,50,11529.326193
11.798354,50,11536.073783
11.756883,50,11542.841606
11.764228,50,11549.568277
11.998452,50,11556.256099
11.86223,50,11563.004853
11.961407,50,11569.669549
11.614906,50,11576.344605
11.632879,50,11583.065089
11.816241,50,11589.790588
11.926553,50,11596.567089
11.757471,50,11603.245875
11.836685,50,11609.950236
11.759978,50,11616.660942
11.6492,50,11623.354548
12.119261,50,11630.099388
12.078855,50,11636.822625
11.517273,50,11643.536886
11.787993,50,11650.348925
11.911594,50,11657.026548
11.806133,50,11663.708697
12.214317,50,11670.432419
11.632494,50,11677.152806
11.837277,50,11683.871693
11.624655,50,11690.632753
11.609985,50,11697.329261
11.22873,50,11704.048073
11.244329,50,11710.749314
11.837595,50,11717.500169
11.610166,50,11724.244691
12.098393,50,11730.951672
12.268432,50,11737.738121
11.69749,50,11744.435807
11.708264,50,11751.161479
11.646773,50,11757.824064
11.901571,50,11764.534451
12.186749,50,11771.188183
12.037081,50,11777.928667
11.561652,50,11784.720618
11.587542,50,11791.433027
11.631171,50,11798.168465
11.535491,50,11804.955032
11.495272,50,11811.764188
12.084601,50,11818.555011
12.267725,50,11825.25446
11.78333,50,11831.97975
12.117807,50,11838.661052
11.976503,50,11845.334019
11.786119,50,11851.997237
11.969549,50,11858.756764
11.718473,50,11865.45763
11.313904,50,11872.189324
11.831144,50,11878.933784
11.918989,50,11885.747264
12.056392,50,11892.500468
11.451603,50,11899.274415
12.154377,50,11906.015246
11.568195,50,11912.751467
11.503834,50,11919.442672
12.260614,50,11926.154797
11.837697,50,11932.845236
11.690193,50,11939.496489
12.059074,50,11946.231163
11.643099,50,11953.025046
12.224635,50,11959.729721
12.086813,50,11966.505583
12.107382,50,11973.24936
12.198843,50,11979.924607
11.82265,50,11986.650112
11.981902,50,11993.316785
11.99248,50,11999.985396
12.072819,50,12006.747095
11.601643,50,12013.45126
11.998772,50,12020.107157
11.906147,50,12026.775934
12.126654,50,12033.531837
12.014763,50,12040.229668
11.792208,50,12046.936184
11.079536,50,12053.596184
11.274973,50,12060.298321
12.156628,50,12066.935179
12.212629,50,12073.632717
11.923592,50,12080.36189
11.60595,50,12087.117166
11.704406,50,12093.888364
11.863141,50,12100.569327
11.84795,50,12107.29138
12.020477,50,12113.957437
12.010019,50,12120.622599
11.639339,50,12127.316832
11.971937,50,12134.024418
11.655693,50,12140.698318
12.013134,50,12147.380745
11.749986,50,12154.112101
11.564166,50,12160.793565
12.09759,50,12167.49159
11.28972,50,12174.211769
11.820646,50,12180.969668
11.618347,50,12187.720911
12.050885,50,12194.382622
12.209646,50,12201.071715
11.232865,50,12207.71927
11.877552,50,12214.397903
12.139686,50,12221.077704
11.658318,50,12227.820549
11.616659,50,12234.549687
11.594544,50,12241.338341
12.089046,50,12248.110097
11.668351,50,12254.816816
11.757711,50,12261.50063
11.452404,50,12268.248098
10.892795,50,12275.019882
11.594038,50,12281.729271
11.604898,50,12288.483432
11.80827,50,12295.237621
11.803593,50,12301.956829
11.708657,50,12308.714696
12.091006,50,12315.418057
11.843767,50,12322.154121
11.423205,50,12328.826664
12.376212,50,12335.579766
12.014685,50,12342.331226
11.738913,50,12349.016305
11.725998,50,12355.714381
12.006818,50,12362.420128
11.541867,50,12369.148455
11.572057,50,12375.896211
11.794841,50,12382.62812
11.529681,50,12389.280111
11.966825,50,12395.984833
11.841975,50,12402.687827
11.523265,50,12409.436297
11.551977,50,12416.184435
11.552841,50,12423.015204
11.585349,50,12429.790706
11.972915,50,12436.500845
11.865468,50,12443.277932
12.077008,50,12449.99526
12.264929,50,12456.714711
12.127889,50,12463.406429
11.45221,50,12470.19699
11.767715,50,12476.981236
11.569691,50,12483.684643
11.846714,50,12490.434098
12.115721,50,12497.168428
11.471847,50,12503.897988
12.215489,50,12510.661663
11.799938,50,12517.431394
11.758295,50,12524.135814
11.101866,50,12530.934058
11.683049,50,12537.714636
11.947294,50,12544.441019
11.382526,50,12551.194018
11.431798,50,12557.961865
11.850399,50,12564.742239
12.323663,50,12571.535073
11.235601,50,12578.376349
11.536675,50,12585.079685
12.128811,50,12591.800455
11.312054,50,12598.571378
12.199302,50,12605.317661
11.731476,50,12612.017281
11.495077,50,12618.76988
11.707846,50,12625.427368
11.650473,50,12632.181896
11.615639,50,12638.990047
11.684418,50,12645.738356
11.475764,50,12652.427734
11.823965,50,12659.173726
11.599061,50,12665.951423
11.833474,50,12672.6408
11.342966,50,12679.416343
11.927552,50,12686.147081
11.873899,50,12692.844619
12.249489,50,12699.559523
11.684358,50,12706.218467
11.325054,50,12712.980561
12.006618,50,12719.732683
11.643811,50,12726.397893
11.091443,50,12733.122282
11.504851,50,12739.821972
12.157645,50,12746.504534
11.62756,50,12753.239684
11.45437,50,12759.971905
10.95926,50,12766.754922
11.304425,50,12773.472031
11.545119,50,12780.155508
11.849409,50,12786.865872
11.710431,50,12793.635875
12.187902,50,12800.389259
12.022393,50,12807.131871
12.084973,50,12813.880926
10.877764,50,12820.622928
10.841519,50,12827.341376
12.177472,50,12834.117097
11.900209,50,12840.88335
12.005796,50,12847.605583
11.476786,50,12854.297977
11.187867,50,12861.069288
11.446672,50,12867.840238
12.123423,50,12874.634767
11.776606,50,12881.35926
11.9556,50,12888.079483
11.763972,50,12894.795056
12.103406,50,12901.580092
11.053014,50,12908.298326
11.636943,50,12915.001709
11.651602,50,12921.793154
11.795211,50,12928.584708
12.051546,50,12935.260678
10.926612,50,12942.013942
11.803658,50,12948.780969
11.86762,50,12955.481159
11.760998,50,12962.246045
11.518965,50,12968.963294
12.145218,50,12975.617791
11.726819,50,12982.38061
11.718109,50,12989.077797
12.199192,50,12995.781108
11.521627,50,13002.539242
11.36799,50,13009.28449
11.597249,50,13016.019256
12.138534,50,13022.693273
12.148318,50,13029.396443
11.945478,50,13036.063559
11.894533,50,13042.76522
11.739988,50,13049.432325
11.835136,50,13056.166243
12.140753,50,13062.882589
12.264565,50,13069.642119
11.192676,50,13076.328064
12.069873,50,13083.006903
11.733642,50,13089.712374
11.654792,50,13096.486684
11.595901,50,13103.2402
11.786737,50,13109.940653
11.796565,50,13116.684244
12.149565,50,13123.419008
10.756705,50,13130.158477
11.713467,50,13136.933203
11.902205,50,13143.607315
11.544409,50,13150.288236
11.601231,50,13157.007838
11.644376,50,13163.687128
11.527243,50,13170.434931
11.21009,50,13177.220834
11.274253,50,13183.93468
11.876219,50,13190.662197
11.632728,50,13197.364046
12.083419,50,13204.120206
11.825454,50,13210.832607
11.41883,50,13217.511559
10.923518,50,13224.279638
11.684949,50,13230.989555
11.741648,50,13237.765077
11.776899,50,13244.526189
12.257176,50,13251.216187
11.551338,50,13257.940144
12.065302,50,13264.682533
12.102022,50,13271.377592
11.75766,50,13278.071633
11.280457,50,13284.881461
11.443075,50,13291.629354
11.591034,50,13298.379415
11.058318,50,13305.120749
11.058217,50,13311.831403
11.475133,50,13318.580294
11.657199,50,13325.322241
10.680815,50,13332.03899
12.133674,50,13338.777925
11.626652,50,13345.461186
11.282845,50,13352.223082
11.133694,50,13358.990577
11.527285,50,13365.724876
11.815485,50,13372.45295
11.747769,50,13379.118604
11.306545,50,13385.897425
11.862343,50,13392.646537
11.828735,50,13399.456235
12.150345,50,13406.156975
11.251128,50,13412.885298
11.710345,50,13419.577423
11.786845,50,13426.250547
11.756171,50,13432.995196
11.919409,50,13439.702662
8.86851,50,13446.380318
11.238923,50,13453.076103
11.654421,50,13459.796036
12.180246,50,13466.570986
12.198128,50,13473.260194
11.552464,50,13479.97057
11.617067,50,13486.679921
11.434476,50,13493.379063
11.917856,50,13500.101973
11.852355,50,13506.860305
11.540689,50,13513.632397
11.793336,50,13520.398602
12.177663,50,13527.072949
11.695474,50,13533.79518
11.573305,50,13540.537216
11.60874,50,13547.272679
11.969732,50,13553.933927
11.282671,50,13560.614898
11.5479,50,13567.308499
12.829893,50,13574.023443
11.555252,50,13580.774394
11.968664,50,13587.480185
10.850228,50,13594.192403
11.609257,50,13600.868188
11.517149,50,13607.602034
11.76919,50,13614.38976
11.854157,50,13621.113043
11.581723,50,13627.844381
11.879712,50,13634.584098
12.114092,50,13641.316772
11.824308,50,13648.018577
11.741003,50,13654.755672
12.162233,50,13661.473332
11.901007,50,13668.195485
12.060831,50,13674.975085
11.298686,50,13681.771779
12.047505,50,13688.542079
11.746417,50,13695.239174
11.287413,50,13701.941166
11.416233,50,13708.639134
11.678022,50,13715.331264
11.968416,50,13721.991591
12.160767,50,13728.721674
11.557852,50,13735.428255
11.881143,50,13742.11468
11.412723,50,13748.83219
10.847008,50,13755.495651
11.78326,50,13762.217825
12.119189,50,13768.896397
11.427195,50,13775.607004
12.050503,50,13782.273583
11.365767,50,13789.024315
12.073949,50,13795.759521
11.66699,50,13802.467705
12.127819,50,13809.184626
12.000256,50,13815.95328
12.03378,50,13822.655082
11.777913,50,13829.33989
11.708986,50,13836.019925
11.531001,50,13842.713355
11.888058,50,13849.444283
11.489983,50,13856.16844
11.414432,50,13862.884593
12.012862,50,13869.662036
11.864802,50,13876.35792
11.573907,50,13883.076078
11.827654,50,13889.740651
11.533804,50,13896.448338
11.565546,50,13903.167392
11.181258,50,13909.870954
11.00316,50,13916.680217
11.254874,50,13923.380002
11.549975,50,13930.078471
11.928147,50,13936.88074
11.522498,50,13943.596072
11.737628,50,13950.307773
10.882072,50,13956.948226
11.405019,50,13963.692684
11.924809,50,13970.390401
11.923355,50,13977.043482
10.865552,50,13983.663265
11.621641,50,13990.31684
11.293801,50,13997.013511
11.100421,50,14003.692883
11.875046,50,14010.35684
11.787039,50,14017.038255
11.88387,50,14023.732315
11.843373,50,14030.492471
11.662801,50,14037.240088
11.61404,50,14043.983805
11.449703,50,14050.692083
11.386783,50,14057.392826
11.859098,50,14064.174788
11.301517,50,14070.885853
11.592072,50,14077.624547
11.650378,50,14084.32078
11.719828,50,14091.04113
11.203309,50,14097.704556
11.772828,50,14104.378044
11.599314,50,14111.099566
10.849561,50,14117.865154
11.113044,50,14124.645173
11.596109,50,14131.357817
11.228088,50,14138.090787
11.951054,50,14144.76009
11.630975,50,14151.453084
12.227598,50,14158.164711
11.779807,50,14164.844552
11.645864,50,14171.548329
11.941012,50,14178.227624
11.696359,50,14184.901721
11.866987,50,14191.603109
11.328708,50,14198.31051
12.000445,50,14205.032894
12.225335,50,14211.70147
12.048765,50,14218.394172
11.492719,50,14225.130866
11.914987,50,14231.82079
11.997363,50,14238.564696
11.719772,50,14245.239341
11.737966,50,14251.974868
11.760107,50,14258.689866
12.007769,50,14265.408526
11.359611,50,14272.143259
11.982514,50,14278.8898
12.030171,50,14285.608286
11.660335,50,14292.284528
12.051198,50,14298.987584
11.900639,50,14305.752647
11.559222,50,14312.524574
12.031763,50,14319.238827
11.770568,50,14325.932892
11.995588,50,14332.58456
12.112,50,14339.342261
11.662828,50,14346.052969
11.80639,50,14352.806902
11.66198,50,14359.597228
11.730571,50,14366.352237
12.259359,50,14373.050784
10.663117,50,14379.720046
11.4396,50,14386.378941
12.230491,50,14393.086834
11.468191,50,14399.772165
11.511605,50,14406.539669
11.906338,50,14413.276117
11.493665,50,14420.020342
10.700921,50,14426.699676
11.436971,50,14433.37287
11.846426,50,14440.06463
11.822524,50,14446.767057
10.584518,50,14453.47543
11.745896,50,14460.22765
11.560097,50,14467.054588
11.865134,50,14473.796657
11.591873,50,14480.555874
11.700635,50,14487.234326
11.222167,50,14493.933501
12.022632,50,14500.653079
12.163992,50,14507.366021
12.06059,50,14514.043427
11.149027,50,14520.800373
11.668965,50,14527.528798
11.807956,50,14534.218106
11.46784,50,14540.90847
11.894774,50,14547.633229
11.126225,50,14554.336488
11.871425,50,14561.086515
11.772861,50,14567.798898
12.176899,50,14574.49897
11.294284,50,14581.171847
11.373184,50,14587.887382
11.984878,50,14594.606369
11.950106,50,14601.316653
12.104315,50,14607.985138
11.388016,50,14614.694691
11.3241,50,14621.343144
11.789404,50,14628.055024
11.391951,50,14634.736367
11.427641,50,14641.421445
12.039413,50,14648.157547
11.485026,50,14654.892748
11.152373,50,14661.565074
11.606754,50,14668.264443
11.70146,50,14674.975638
11.267473,50,14681.616646
11.343109,50,14688.362545
11.970033,50,14695.080392
11.908484,50,14701.768679
10.968688,50,14708.477467
11.229532,50,14715.224444
11.096219,50,14721.916535
11.569167,50,14728.573116
11.907599,50,14735.281817
12.141423,50,14741.930844
11.722673,50,14748.623852
12.006869,50,14755.341672
12.058263,50,14762.032466
12.095654,50,14768.783196
12.03531,50,14775.526911
11.779334,50,14782.201358
11.878688,50,14788.890217
11.489127,50,14795.598293
11.892886,50,14802.355448
11.353155,50,14809.056195
11.682237,50,14815.762324
11.896688,50,14822.465369
12.033236,50,14829.254631
11.196609,50,14835.937749
11.513983,50,14842.720055
11.134623,50,14849.416625
11.983954,50,14856.164716
11.492523,50,14862.884164
11.523779,50,14869.572235
12.087142,50,14876.31252
12.206864,50,14882.996568
11.872806,50,14889.646249
11.708346,50,14896.321806
11.305649,50,14903.033369
11.354664,50,14909.766723
11.84451,50,14916.480495
12.146367,50,14923.189123
11.896187,50,14929.85109
11.50388,50,14936.5567
11.407358,50,14943.248462
11.41504,50,14949.963495
11.866742,50,14956.696573
11.234851,50,14963.422721
12.066543,50,14970.16282
11.380419,50,14976.865632
12.093989,50,14983.575855
11.331941,50,14990.296497
11.752142,50,14997.0374
11.335036,50,15003.788741
11.891973,50,15010.473558
11.428199,50,15017.232915
11.815117,50,15023.860484
10.004911,50,15030.558867
11.719182,50,15037.238243
10.686626,50,15043.925337
11.334093,50,15050.604928
11.148152,50,15057.225407
11.639879,50,15063.932275
11.570706,50,15070.666875
11.659715,50,15077.316361
11.34855,50,15084.0132
12.008343,50,15090.732908
11.743433,50,15097.405626
11.635943,50,15104.118758
11.943404,50,15110.81782
11.695507,50,15117.532376
12.168975,50,15124.22315
11.752646,50,15130.92493
11.441068,50,15137.588946
12.148228,50,15144.36959
11.423958,50,15151.113199
9.652011,50,15157.788707
11.139503,50,15164.445804
11.633882,50,15171.173417
11.343322,50,15177.880302
11.675964,50,15184.612262
10.907511,50,15191.313111
11.694081,50,15198.100323
12.222355,50,15204.779785
11.959287,50,15211.552736
11.417882,50,15218.27615
11.797486,50,15224.96318
12.118511,50,15231.6959
11.628058,50,15238.375247
12.005278,50,15245.043555
12.252867,50,15251.789115
12.124282,50,15258.572406
11.318345,50,15265.266723
12.114333,50,15271.984767
11.585576,50,15278.730199
11.622562,50,15285.428489
11.661039,50,15292.179611
11.995283,50,15298.969402
11.357505,50,15305.659322
11.99126,50,15312.377757
11.354477,50,15319.089323
12.004364,50,15325.932415
11.703136,50,15332.667038
11.812624,50,15339.408504
11.64842,50,15346.172187
11.713814,50,15352.949435
11.410382,50,15359.63541
11.9513,50,15366.314877
11.600524,50,15372.988563
11.409849,50,15379.701202
11.945574,50,15386.339478
11.877178,50,15392.991594
12.162042,50,15399.669523
10.957514,50,15406.577379
11.414386,50,15413.356427
12.149097,50,15420.049545
11.612676,50,15426.749227
11.652813,50,15433.412335
12.150998,50,15440.117756
11.711646,50,15446.917678
11.820578,50,15453.662196
11.169329,50,15460.305697
10.961202,50,15466.995011
12.074353,50,15473.705613
11.325596,50,15480.412593
11.8037,50,15487.119555
11.051557,50,15493.871378
11.946784,50,15500.612519
11.850302,50,15507.330296
11.7222,50,15514.003181
11.171771,50,15520.662886
11.738001,50,15527.388636
12.164213,50,15534.096872
11.460171,50,15540.780985
11.233223,50,15547.487597
11.496087,50,15554.188514
11.686687,50,15560.925881
11.804867,50,15567.606442
11.854957,50,15574.366766
11.986708,50,15581.046438
10.870554,50,15587.729788
11.094746,50,15594.437821
11.210597,50,15601.159376
11.499163,50,15607.901731
12.256764,50,15614.630818
11.710026,50,15621.322748
11.674598,50,15627.962502
11.803277,50,15634.626166
10.232915,50,15641.311414
11.077029,50,15647.988958
10.734447,50,15654.744211
11.467811,50,15661.376325
11.039829,50,15668.036778
11.481433,50,15674.709674
12.040854,50,15681.380722
11.582118,50,15688.023113
11.931308,50,15694.706777
11.879606,50,15701.392288
12.059224,50,15708.078659
11.720793,50,15714.822825
11.837497,50,15721.549114
12.101867,50,15728.25178
11.789175,50,15734.964531
11.640336,50,15741.633413
12.176026,50,15748.368051
11.651434,50,15755.05707
11.45417,50,15761.784459
10.855706,50,15768.469711
12.142138,50,15775.183414
11.821181,50,15781.872493
11.878051,50,15788.606975
11.722636,50,15795.357371
11.711559,50,15802.085562
12.002399,50,15808.832865
12.098471,50,15815.599571
12.295567,50,15822.293781
11.949707,50,15828.981154
11.332713,50,15835.695428
11.595983,50,15842.384528
11.773481,50,15849.076745
11.943143,50,15855.739597
12.027109,50,15862.427232
12.179319,50,15869.103576
12.113816,50,15875.869664
11.60128,50,15882.593424
12.037819,50,15889.278122
12.064059,50,15895.978656
11.339251,50,15902.692377
11.651819,50,15909.406628
11.895343,50,15916.138645
12.160185,50,15922.908748
11.834704,50,15929.571726
11.866872,50,15936.30958
11.969624,50,15942.984631
11.901039,50,15949.688244
11.275446,50,15956.345172
12.008829,50,15962.993634
12.045192,50,15969.732533
12.058232,50,15976.486672
11.705115,50,15983.25794
11.693812,50,15990.033443
11.981727,50,15996.735502
11.616958,50,16003.536203
11.929956,50,16010.342595
12.00799,50,16017.125168
11.479116,50,16023.792484
12.134168,50,16030.484609
11.849681,50,16037.224442
11.59006,50,16043.919057
12.370783,50,16050.655423
12.263783,50,16057.372601
11.349696,50,16064.043486
11.690118,50,16070.734416
12.5547,50,16077.425184
11.333014,50,16084.14818
11.435042,50,16090.906186
11.396112,50,16097.606573
11.909769,50,16104.304235
11.811283,50,16111.007195
11.132931,50,16117.74083
11.839584,50,16124.448577
12.029498,50,16131.240362
11.966153,50,16137.948465
11.558156,50,16144.691335
12.069022,50,16151.385997
12.160534,50,16158.092988
11.948189,50,16164.904542
12.035931,50,16171.611483
11.905885,50,16178.33396
12.1129,50,16185.02461
11.757427,50,16191.740806
11.918713,50,16198.466937
11.530159,50,16205.180482
11.961865,50,16211.90515
11.87303,50,16218.623537
11.977855,50,16225.322533
11.310155,50,16232.047096
12.072221,50,16238.70204
12.103199,50,16245.465105
11.733985,50,16252.12935
11.216657,50,16258.828609
11.064857,50,16265.568676
11.927497,50,16272.265984
11.602917,50,16279.007489
11.626395,50,16285.684534
11.757765,50,16292.369415
12.009788,50,16299.10476
11.834492,50,16305.876364
11.862166,50,16312.600087
11.830756,50,16319.370398
12.172641,50,16326.072505
11.259653,50,16332.804821
11.563898,50,16339.560708
11.312556,50,16346.264654
11.885223,50,16353.003105
11.847201,50,16359.720849
11.538809,50,16366.387959
11.030237,50,16373.14014
11.494135,50,16379.863799
11.922692,50,16386.535759
11.254715,50,16393.270436
11.956866,50,16399.947649
12.018326,50,16406.691097
11.849669,50,16413.385588
11.777461,50,16420.129203
11.164424,50,16426.817767
10.613842,50,16433.569077
11.389727,50,16440.245889
11.547955,50,16446.93021
12.126691,50,16453.733321
11.464155,50,16460.427334
11.938154,50,16467.205908
11.78571,50,16473.964108
11.594079,50,16480.648541
11.946308,50,16487.35793
11.465501,50,16494.078877
11.755515,50,16500.80876
11.886955,50,16507.573445
11.37147,50,16514.276151
11.775519,50,16520.96724
11.416584,50,16527.61947
11.953082,50,16534.312725
11.72726,50,16541.066325
11.986196,50,16547.732494
11.904741,50,16554.454902
11.397523,50,16561.194916
11.192734,50,16568.002668
12.000813,50,16574.760044
11.980621,50,16581.404683
11.768459,50,16588.12797
11.606811,50,16594.84079
12.167502,50,16601.572169
11.806854,50,16608.280219
11.711526,50,16615.014629
11.454981,50,16621.75656
11.749506,50,16628.403617
11.972975,50,16635.129025
11.931055,50,16641.835629
11.501194,50,16648.580488
11.450826,50,16655.314392
11.866621,50,16662.0003
11.174889,50,16668.721302
12.111443,50,16675.384962
11.905436,50,16682.045621
11.768626,50,16688.669143
11.77073,50,16695.39488
11.783942,50,16702.097596
11.719082,50,16708.803631
11.816315,50,16715.512439
11.995502,50,16722.22039
11.492129,50,16728.91052
12.114478,50,16735.599622
12.000604,50,16742.265398
11.542839,50,16748.966059
11.899936,50,16755.634155
11.063447,50,16762.340411
11.639083,50,16769.081518
11.89953,50,16775.795069
11.372548,50,16782.516791
11.881932,50,16789.280756
11.651489,50,16795.948667
11.748966,50,16802.666997
11.746331,50,16809.368503
10.979379,50,16816.012691
11.862101,50,16822.696958
12.122082,50,16829.397
11.703212,50,16836.112075
11.660119,50,16842.775671
12.080596,50,16849.444732
10.924084,50,16856.140761
12.098412,50,16862.888269
12.194805,50,16869.543492
11.972468,50,16876.181533
11.924188,50,16882.890785
11.804432,50,16889.600789
11.801207,50,16896.281215
11.596551,50,16902.986298
11.745924,50,16909.689758
11.979895,50,16916.373284
11.302502,50,16923.070358
11.715358,50,16929.856337
11.921978,50,16936.576938
12.051397,50,16943.270217
11.679601,50,16950.021308
11.478849,50,16956.690627
11.553461,50,16963.458382
11.795561,50,16970.184982
11.867545,50,16976.90194
12.138753,50,16983.668852
11.684203,50,16990.442876
11.698778,50,16997.177477
11.18408,50,17003.877762
11.215897,50,17010.631903
11.976148,50,17017.29591
11.470739,50,17023.997618
12.195397,50,17030.637723
11.763447,50,17037.331981
11.446209,50,17044.005132
11.535983,50,17050.68182
12.16749,50,17057.313622
12.115311,50,17064.011061
11.356091,50,17070.729713
11.525543,50,17077.410527
11.727778,50,17084.144835
11.949737,50,17090.878498
12.205181,50,17097.591481
11.680619,50,17104.303552
12.034459,50,17110.976762
11.722743,50,17117.616778
11.845136,50,17124.332271
11.630288,50,17131.030076
11.514802,50,17137.748436
12.020112,50,17144.497523
11.880525,50,17151.244652
11.672773,50,17157.978063
11.988518,50,17164.711978
11.994339,50,17171.432438
11.413124,50,17178.148394
11.819412,50,17184.836976
11.823383,50,17191.529365
12.136535,50,17198.245102
11.873729,50,17204.989474
11.038446,50,17211.901736
11.837558,50,17218.668989
11.793454,50,17225.404862
11.675541,50,17232.087835
11.938697,50,17238.829988
11.657355,50,17245.514591
11.787276,50,17252.262435
11.601065,50,17258.928092
12.04326,50,17265.598354
11.929082,50,17272.293877
11.722073,50,17278.996469
12.161981,50,17285.711643
11.978867,50,17292.416095
12.008069,50,17299.153204
12.063012,50,17305.933152
11.758995,50,17312.616433
11.506051,50,17319.395272
11.966331,50,17326.113446
12.054971,50,17332.808464
11.985547,50,17339.604925
11.906535,50,17346.304501
11.560796,50,17353.020237
11.874571,50,17359.754184
11.851056,50,17366.456159
11.514552,50,17373.129856
11.347663,50,17379.800823
12.088513,50,17386.499757
11.459837,50,17393.227987
11.721328,50,17399.922567
11.953471,50,17406.71581
10.549974,50,17413.395203
11.934303,50,17420.121691
11.437659,50,17426.832199
11.279122,50,17433.588959
11.35959,50,17440.295507
10.793118,50,17447.024274
11.116489,50,17453.801371
11.410017,50,17460.599756
12.023783,50,17467.346751
11.699238,50,17474.095235
11.852204,50,17480.814804
11.520723,50,17487.446156
11.922928,50,17494.160518
11.755613,50,17500.929076
11.392298,50,17507.637055
11.823848,50,17514.352241
11.108756,50,17521.033502
11.778845,50,17527.73114
12.049485,50,17534.405394
11.247993,50,17541.16167
11.935978,50,17547.860109
11.839183,50,17554.5668
11.867986,50,17561.332375
10.445902,50,17568.015351
12.207334,50,17574.672525
11.433835,50,17581.404205
11.735877,50,17588.09317
11.988662,50,17594.787485
11.576174,50,17601.444145
11.956611,50,17608.160551
11.797256,50,17614.844401
11.62163,50,17621.541734
11.936648,50,17628.248245
11.447729,50,17634.944208
11.769335,50,17641.651966
11.410702,50,17648.3184
11.328019,50,17655.02301
11.485808,50,17661.735456
11.963851,50,17668.456846
11.720185,50,17675.142479
11.281007,50,17681.856872
11.664765,50,17688.552325
11.50077,50,17695.248911
11.563447,50,17701.948409
11.149507,50,17708.646805
11.652597,50,17715.276564
11.800655,50,17722.004357
12.031481,50,17728.678479
11.558214,50,17735.383995
10.675336,50,17742.087481
11.543638,50,17748.796477
12.098689,50,17755.532629
11.421933,50,17762.208485
11.370197,50,17768.974
11.191742,50,17775.680459
11.524157,50,17782.370206
11.833707,50,17789.080923
11.885315,50,17795.795136
12.105,50,17802.576895
11.785473,50,17809.348477
12.199673,50,17816.151248
10.921722,50,17822.905617
11.75837,50,17829.66684
12.052135,50,17836.401936
12.071344,50,17843.113811
12.110327,50,17849.787651
11.959073,50,17856.537953
11.841692,50,17863.268739
11.494331,50,17869.995312
11.62407,50,17876.748752
11.961159,50,17883.476422
11.907336,50,17890.170993
11.942322,50,17896.872482
12.041225,50,17903.638174
12.151299,50,17910.384051
11.271689,50,17917.176363
11.788994,50,17923.901298
11.707579,50,17930.672565
11.535103,50,17937.380543
11.346425,50,17944.076311
11.158678,50,17950.786034
11.550666,50,17957.466303
11.608033,50,17964.142762
12.212478,50,17970.90291
11.24471,50,17977.561669
11.875489,50,17984.276863
12.023755,50,17990.962247
11.702392,50,17997.732936
11.820796,50,18004.46423
11.892967,50,18011.203209
11.882798,50,18017.872246
11.778876,50,18024.546448
11.049075,50,18031.232396
11.260194,50,18037.943984
11.674672,50,18044.616756
11.771194,50,18051.305777
11.898151,50,18058.002728
11.779638,50,18064.681559
11.551906,50,18071.394305
11.903923,50,18078.136286
11.603169,50,18084.840073
11.518016,50,18091.622546
11.589134,50,18098.382713
10.919077,50,18105.105413
11.32822,50,18111.820263
11.954376,50,18118.560584
11.066984,50,18125.326291
11.642503,50,18132.032218
11.714237,50,18138.694842
11.835031,50,18145.392431
12.215586,50,18152.13643
11.591059,50,18158.867002
11.471525,50,18165.552926
11.98066,50,18172.243369
11.608479,50,18178.948016
11.614044,50,18185.673874
11.751053,50,18192.339623
11.615999,50,18198.991962
11.913732,50,18205.628328
12.162414,50,18212.256323
11.860175,50,18218.96046
12.068675,50,18225.652639
11.520264,50,18232.347958
11.866452,50,18239.048633
12.235771,50,18245.76887
11.694355,50,18252.439441
11.559253,50,18259.101864
10.853178,50,18265.823998
11.52294,50,18272.572516
11.668185,50,18279.319881
11.923594,50,18286.080667
12.092002,50,18292.876703
11.794033,50,18299.638366
11.608945,50,18306.35673
11.283482,50,18313.072218
11.90747,50,18319.739242
11.648266,50,18326.492501
11.571202,50,18333.178476
11.658449,50,18339.866156
11.60581,50,18346.609689
12.016891,50,18353.280779
12.03049,50,18360.011275
11.695379,50,18366.828086
12.125299,50,18373.614074
11.387935,50,18380.321334
12.020296,50,18387.040627
12.040178,50,18393.803725
11.965632,50,18400.592093
11.520984,50,18407.396433
11.723872,50,18414.169561
11.610233,50,18420.932977
12.008994,50,18427.658762
11.167941,50,18434.439198
12.188114,50,18441.215053
11.911511,50,18447.977636
11.552297,50,18454.694584
11.678871,50,18461.412647
11.719707,50,18468.076825
12.088284,50,18474.791652
11.394062,50,18481.434517
11.870447,50,18488.092466
11.719315,50,18494.807335
11.883221,50,18501.54059
11.28441,50,18508.303211
11.353381,50,18514.991992
11.968183,50,18521.732568
11.945979,50,18528.396913
11.405319,50,18535.172842
11.691719,50,18541.832912
11.492788,50,18548.51543
11.79207,50,18555.185198
11.916911,50,18561.901001
11.648354,50,18568.55873
11.86625,50,18575.291461
11.446854,50,18582.000085
11.605312,50,18588.677888
11.667429,50,18595.34374
11.28211,50,18602.107707
11.366019,50,18608.875715
11.462846,50,18615.579576
11.269263,50,18622.309894
11.159643,50,18629.008993
11.956154,50,18635.811069
11.582646,50,18642.516834
12.038282,50,18649.253066
11.541282,50,18655.925932
12.015342,50,18662.634117
11.771336,50,18669.305321
11.496539,50,18675.978663
11.565454,50,18682.715551
12.0612,50,18689.428822
11.765002,50,18696.109315
11.730234,50,18702.8734
11.11684,50,18709.643458
11.927611,50,18716.421733
11.932977,50,18723.19154
12.08416,50,18729.845161
12.164775,50,18736.545066
11.725206,50,18743.253232
12.255282,50,18749.937033
11.204285,50,18756.622589
11.470242,50,18763.37255
11.664513,50,18770.06125
12.196064,50,18776.712586
11.629661,50,18783.413852
11.701779,50,18790.091281
11.809655,50,18796.741292
12.323092,50,18803.424435
11.732247,50,18810.166878
11.910915,50,18816.869032
11.960412,50,18823.610486
11.790087,50,18830.35113
12.064202,50,18837.04531
12.080169,50,18843.781709
11.495319,50,18850.487634
11.884148,50,18857.173148
12.161596,50,18863.916673
11.922807,50,18870.659036
11.574011,50,18877.379323
11.818928,50,18884.06479
11.913965,50,18890.737008
11.963362,50,18897.373791
12.016031,50,18904.140551
11.860243,50,18910.914356
11.828995,50,18917.67312
11.520839,50,18924.337214
12.14283,50,18931.029946
11.332664,50,18937.720371
11.619782,50,18944.388351
11.735958,50,18951.072638
11.966963,50,18957.807727
10.894838,50,18964.571906
11.694184,50,18971.288521
11.681432,50,18977.976214
11.829301,50,18984.765726
11.241011,50,18991.444837
12.000902,50,18998.164972
11.622075,50,19004.862367
11.809018,50,19011.57128
10.959946,50,19018.297983
11.824991,50,19025.120769
11.474571,50,19031.8529
12.003397,50,19038.649407
11.655868,50,19045.379074
11.845828,50,19052.138933
11.351505,50,19058.855356
11.979885,50,19065.513103
11.910974,50,19072.16667
12.123614,50,19078.94882
12.142674,50,19085.747046
11.802021,50,19092.454849
12.016254,50,19099.190839
10.982024,50,19105.91367
11.005654,50,19112.635216
11.611411,50,19119.366539
10.609105,50,19126.108327
11.639184,50,19132.824822
11.648337,50,19139.508398
11.751973,50,19146.288725
11.782318,50,19153.009593
11.759916,50,19159.687724
11.416549,50,19166.385184
11.77318,50,19173.071867
11.484688,50,19179.813571
12.101263,50,19186.526849
11.942112,50,19193.261303
11.749376,50,19199.939658
11.223564,50,19206.641696
11.673855,50,19213.400685
11.24218,50,19220.116471
10.965478,50,19226.845407
11.618152,50,19233.568449
11.758882,50,19240.248815
11.194557,50,19247.017556
12.031157,50,19253.820561
11.997133,50,19260.544621
11.551045,50,19267.240648
11.144962,50,19273.980481
11.251318,50,19280.668658
11.387318,50,19287.367419
10.836718,50,19294.088118
12.361003,50,19300.845544
11.673292,50,19307.650259
11.857997,50,19314.390227
11.922808,50,19321.114375
11.554257,50,19327.855617
11.600028,50,19334.529464
11.902259,50,19341.304838
12.256454,50,19348.043846
11.963731,50,19354.831776
11.970631,50,19361.626703
11.957263,50,19368.383341
12.009672,50,19375.124959
12.024258,50,19381.895346
11.588888,50,19388.676539
11.758662,50,19395.841848
11.66765,50,19402.658204
11.991699,50,19409.34163
11.972122,50,19416.081443
11.678144,50,19422.933218
12.101052,50,19429.927476
11.984097,50,19436.585654
11.086137,50,19443.379618
11.687937,50,19450.111882
12.312027,50,19456.866522
11.776268,50,19463.605002
11.821536,50,19470.34
11.815076,50,19477.068161
11.817295,50,19483.987456
11.858645,50,19490.66743
11.861372,50,19497.392361
11.666551,50,19504.17661
11.646609,50,19511.262544
12.144659,50,19518.210133
12.128477,50,19525.253017
11.988162,50,19531.973219
12.026572,50,19538.686613
11.355096,50,19545.577511
11.953485,50,19552.376634
11.722167,50,19559.111296
11.654981,50,19565.842897
11.70867,50,19572.569122
11.837243,50,19579.296598
11.603129,50,19586.224265
11.456606,50,19593.221438
11.630231,50,19600.000654
12.137657,50,19607.101284
11.516912,50,19613.91131
11.94431,50,19620.768227
10.874853,50,19627.512724
11.512661,50,19634.180891
12.13926,50,19640.911563
11.29856,50,19647.652233
11.745006,50,19654.353542
11.41906,50,19661.051477
11.686093,50,19667.779211
11.488617,50,19674.491233
11.808593,50,19681.257115
11.54164,50,19688.006896
11.274085,50,19694.688376
11.771758,50,19701.414486
11.245384,50,19708.124162
11.319413,50,19714.867723
11.898561,50,19721.609684
11.769192,50,19728.325403
11.991515,50,19735.193199
12.017164,50,19742.096468
11.945181,50,19749.213845
12.174349,50,19756.802653
11.976424,50,19763.781368
11.682788,50,19770.511086
11.155977,50,19777.224958
11.708933,50,19784.096248
11.667958,50,19790.856987
11.701876,50,19797.534467
11.894252,50,19804.221746
11.641985,50,19810.958581
11.909802,50,19817.668732
11.934407,50,19824.357353
11.26034,50,19831.041732
11.707865,50,19837.783572
11.822591,50,19844.502366
11.918233,50,19851.212281
11.960101,50,19857.865816
11.763992,50,19864.55062
11.510695,50,19871.247314
12.057304,50,19878.009364
11.175307,50,19884.83288
11.351614,50,19891.575557
11.627892,50,19898.269972
11.575998,50,19904.998588
11.973868,50,19911.687935
11.936746,50,19918.400269
11.804242,50,19925.147746
11.373523,50,19931.846994
11.831467,50,19938.533334
11.630354,50,19945.247287
12.094034,50,19951.92886
12.223044,50,19958.655447
12.035106,50,19965.360396
11.765051,50,19972.104232
11.942959,50,19978.906213
11.890657,50,19985.559999
11.771497,50,19992.219759
11.467627,50,19998.922119
11.56648,50,20005.639638
10.841296,50,20012.417811
11.736277,50,20019.125157
11.597897,50,20025.853345
11.741604,50,20032.629601
11.39206,50,20039.423886
11.298204,50,20046.16231
11.960629,50,20052.878753
11.971515,50,20059.64933
12.052353,50,20066.351562
11.952194,50,20073.073358
11.733324,50,20079.733577
11.671047,50,20086.426956
12.032676,50,20093.154288
11.98746,50,20099.829876
11.820347,50,20106.546547
11.365177,50,20113.28251
10.756634,50,20119.952149
11.840894,50,20126.702405
11.890863,50,20133.390441
11.734619,50,20140.122444
11.351265,50,20146.872026
11.354724,50,20153.665812
11.391763,50,20160.312178
11.61335,50,20167.008207
11.585127,50,20173.733741
11.802464,50,20180.480557
11.345866,50,20187.23059
11.993033,50,20193.972197
11.330666,50,20200.68435
11.407066,50,20207.568335
11.423835,50,20214.377425
12.194471,50,20221.090181
11.828424,50,20227.794543
11.800095,50,20234.544576
11.486171,50,20241.271868
11.212394,50,20247.945612
11.412682,50,20254.661023
11.804084,50,20261.368673
11.445902,50,20268.083481
10.595474,50,20274.728187
11.586849,50,20281.579149
11.591127,50,20288.287806
12.092159,50,20295.060389
11.568511,50,20301.825098
10.378766,50,20308.636401
12.006652,50,20315.76343
11.622143,50,20322.53143
11.692942,50,20329.200683
11.241557,50,20335.894321
11.730736,50,20342.609959
11.882372,50,20349.387635
11.372512,50,20356.331578
12.185031,50,20363.024409
11.336706,50,20369.780044
11.543172,50,20376.576759
11.927191,50,20383.284885
11.444873,50,20389.948944
11.235345,50,20396.673244
12.009901,50,20403.372417
12.073839,50,20410.096766
11.659436,50,20416.825658
11.395052,50,20423.5302
11.781774,50,20430.22518
11.389149,50,20436.925588
11.570549,50,20443.644007
11.760709,50,20450.357125
11.513946,50,20457.060856
11.061528,50,20463.770766
12.053589,50,20470.521658
11.172892,50,20477.268717
11.930199,50,20484.093473
11.174498,50,20490.912
11.573476,50,20497.617594
11.58374,50,20504.412558
11.666931,50,20511.148533
12.186377,50,20517.848908
11.709049,50,20524.530827
12.07317,50,20531.253553
11.906919,50,20537.975012
11.988579,50,20544.688741
11.539688,50,20551.668466
11.03353,50,20558.309272
11.515784,50,20564.96535
11.81335,50,20572.025621
11.586433,50,20578.809755
11.839311,50,20585.536453
11.705773,50,20592.305883
11.57848,50,20598.984552
11.461131,50,20605.741632
12.08374,50,20612.46477
11.703555,50,20619.177713
11.719656,50,20625.89215
11.311074,50,20632.572519
11.585834,50,20639.359605
11.311599,50,20646.100968
12.093523,50,20652.84271
11.389089,50,20659.52071
